state,district,mean_update_dependency,max_update_dependency,dependency_volatility
ANDAMAN & NICOBAR ISLANDS,ANDAMANS,0.8795675896808696,0.9961538461538462,0.3097727934535821
ANDAMAN & NICOBAR ISLANDS,NICOBARS,0.16333333333333333,0.8,0.2856441712911233
ANDAMAN & NICOBAR ISLANDS,SOUTH ANDAMAN,0.37607125219375376,0.9558823529411765,0.4856115855341806
ANDAMAN AND NICOBAR ISLANDS,NICOBAR,0.8737437465629428,0.9985119047619048,0.30889008863162415
ANDAMAN AND NICOBAR ISLANDS,NORTH AND MIDDLE ANDAMAN,0.8843970738782241,0.9993045897079277,0.3112742512344286
ANDAMAN AND NICOBAR ISLANDS,SOUTH ANDAMAN,0.8884266917423014,0.999479979199168,0.31246454706611837
ANDHRA PRADESH,ADILABAD,0.8892781767553297,0.9998958767180341,0.3128736283958027
ANDHRA PRADESH,ALLURI SITHARAMA RAJU,0.8685375567632233,0.9998560944020722,0.3080040816184978
ANDHRA PRADESH,ANAKAPALLI,0.8800303200718258,0.9997235277854576,0.3103517467790291
ANDHRA PRADESH,ANANTAPUR,0.8792301237929687,0.9999664755774582,0.31038273068321715
ANDHRA PRADESH,ANANTHAPUR,0.8805253495114679,0.9999570225201995,0.3106602590662886
ANDHRA PRADESH,ANANTHAPURAMU,0.8742611064057824,0.9999628446161849,0.30944509737162557
ANDHRA PRADESH,ANNAMAYYA,0.8755163124301903,0.9998587969500141,0.30944432548245526
ANDHRA PRADESH,BAPATLA,0.880604261099349,0.9995944849959448,0.31039825759680173
ANDHRA PRADESH,CHITTOOR,0.8809316591060675,0.9999858268609332,0.31073284166453996
ANDHRA PRADESH,CUDDAPAH,0.8797036927760535,0.9999718856307459,0.31039257443602314
ANDHRA PRADESH,DR. B. R. AMBEDKAR KONASEEMA,0.8795020538118978,0.9996260284218399,0.31026206677550006
ANDHRA PRADESH,EAST GODAVARI,0.8842216428571668,0.9999858777008898,0.3115066913266406
ANDHRA PRADESH,ELURU,0.8836005110170069,0.9996968778417702,0.3111713621536732
ANDHRA PRADESH,GUNTUR,0.8796557598760112,0.9999865991262631,0.31031776098150937
ANDHRA PRADESH,HYDERABAD,0.8736395056794389,0.9999466581319678,0.3090650865368771
ANDHRA PRADESH,K.V. RANGAREDDY,0.5747382912957605,0.9824561403508771,0.49490225886801836
ANDHRA PRADESH,K.V.RANGAREDDY,0.4741642481123348,0.9716981132075472,0.5000090046958175
ANDHRA PRADESH,KAKINADA,0.879947471881086,0.9998307093279161,0.31028137923165544
ANDHRA PRADESH,KARIM NAGAR,0.8791003430664757,0.9936305732484076,0.30939609819567887
ANDHRA PRADESH,KARIMNAGAR,0.8862071027708073,0.9995612110574813,0.31193398218799784
ANDHRA PRADESH,KHAMMAM,0.8899103421736111,0.9998926923489645,0.31303679227721803
ANDHRA PRADESH,KRISHNA,0.8828496343352839,0.9999800979182423,0.31106293341391106
ANDHRA PRADESH,KURNOOL,0.8756667253792821,0.9999875533649478,0.30955411068358757
ANDHRA PRADESH,MAHABUB NAGAR,0.8756535915139485,0.9980952380952381,0.3090904644136996
ANDHRA PRADESH,MAHABUBNAGAR,0.38022461289070436,0.9743589743589743,0.4910294156315846
ANDHRA PRADESH,MAHBUBNAGAR,0.8833408658973694,0.9996283909327388,0.31121319461794167
ANDHRA PRADESH,MEDAK,0.8775227232994812,0.9997152619589977,0.3098956546316051
ANDHRA PRADESH,N. T. R,0.8839112368302191,0.9998867753623188,0.3112918007005905
ANDHRA PRADESH,NALGONDA,0.8899025379268364,0.999766355140187,0.3130192204977204
ANDHRA PRADESH,NANDYAL,0.8749847977442974,0.9998595308329822,0.3092277755064155
ANDHRA PRADESH,NELLORE,0.8796455722108215,0.9999648048428537,0.3103897690462418
ANDHRA PRADESH,NIZAMABAD,0.8803954460839508,0.9993055555555556,0.31060802812943283
ANDHRA PRADESH,PALNADU,0.8756180121855698,0.9998761149653121,0.3094661104334081
ANDHRA PRADESH,PARVATHIPURAM MANYAM,0.8764345323310092,0.9996316758747698,0.3098915710965157
ANDHRA PRADESH,PRAKASAM,0.8786566226768538,0.9999797242497972,0.3100966338786089
ANDHRA PRADESH,RANGAREDDI,0.8819107577126907,0.9998976877429916,0.31086576327326204
ANDHRA PRADESH,SPSR NELLORE,0.0,0.0,0.0
ANDHRA PRADESH,SRI POTTI SRIRAMULU NELLORE,0.8641083746330874,0.9998194945848375,0.30777768400463384
ANDHRA PRADESH,SRI SATHYA SAI,0.876468640690123,0.9997649271274095,0.3096351842221806
ANDHRA PRADESH,SRIKAKULAM,0.8859242189671603,0.9999862908532573,0.31191855830845827
ANDHRA PRADESH,TIRUPATI,0.8661302200815006,0.9998654104979812,0.3080199833183677
ANDHRA PRADESH,VISAKHAPATANAM,0.0,0.0,0.0
ANDHRA PRADESH,VISAKHAPATNAM,0.8819768402110097,0.9999870466321243,0.31082859531313645
ANDHRA PRADESH,VIZIANAGARAM,0.8839862559848749,0.9999755531108666,0.3114754992517396
ANDHRA PRADESH,WARANGAL,0.8916131962651453,0.9999176615891313,0.31350164055780355
ANDHRA PRADESH,WEST GODAVARI,0.8839660675421903,0.9999818837297777,0.3114133013341941
ANDHRA PRADESH,Y. S. R,0.8794090948513837,0.9998277347114557,0.3101983131335186
ARUNACHAL PRADESH,ANJAW,0.881901143395328,0.997289972899729,0.3105513158136096
ARUNACHAL PRADESH,CHANGLANG,0.8645286112250288,0.9995039682539683,0.30860375560711756
ARUNACHAL PRADESH,DIBANG VALLEY,0.8664834901848657,0.9917695473251029,0.30558935914031593
ARUNACHAL PRADESH,EAST KAMENG,0.8786720236386069,0.9981308411214953,0.3096760945914028
ARUNACHAL PRADESH,EAST SIANG,0.8825587295006786,0.9977064220183486,0.3107771333876157
ARUNACHAL PRADESH,KAMLE,0.5505435201387681,0.9850746268656716,0.47589919967237887
ARUNACHAL PRADESH,KRA DAADI,0.8551250098399503,0.9969604863221885,0.30531849477862316
ARUNACHAL PRADESH,KURUNG KUMEY,0.876652799068431,0.9984126984126984,0.30944589454723065
ARUNACHAL PRADESH,LEPARADA,0.34814814814814815,0.9444444444444444,0.4517405246381664
ARUNACHAL PRADESH,LOHIT,0.8779490449249702,0.9986282578875172,0.3097051477511957
ARUNACHAL PRADESH,LONGDING,0.7823050521724804,0.9983136593591906,0.32482694447195176
ARUNACHAL PRADESH,LOWER DIBANG VALLEY,0.8763829242475605,0.9979296066252588,0.3093126318959271
ARUNACHAL PRADESH,LOWER SIANG,0.5745191855007595,0.9921259842519685,0.49491389557002785
ARUNACHAL PRADESH,LOWER SUBANSIRI,0.8804990555168086,0.9981167608286252,0.31019657991336635
ARUNACHAL PRADESH,NAMSAI,0.8806949168658598,0.999083409715857,0.31076207655139615
ARUNACHAL PRADESH,PAKKE KESSANG,0.47041878952537947,0.9591836734693877,0.49602511408878963
ARUNACHAL PRADESH,PAPUM PARE,0.8757807832019452,0.9996058336618053,0.3093237040934891
ARUNACHAL PRADESH,SHI-YOMI,0.8549485348669666,0.9795918367346939,0.3027820267231222
ARUNACHAL PRADESH,SIANG,0.8660457586402108,0.9966887417218543,0.3094592677420426
ARUNACHAL PRADESH,TAWANG,0.8696299119093582,0.9970845481049563,0.30867741129784276
ARUNACHAL PRADESH,TIRAP,0.8762431054898643,0.9971910112359551,0.30898177708802893
ARUNACHAL PRADESH,UPPER SIANG,0.8883830932768338,0.9954954954954955,0.3122805330309646
ARUNACHAL PRADESH,UPPER SUBANSIRI,0.8753103201317696,0.9991909385113269,0.3091400906585415
ARUNACHAL PRADESH,WEST KAMENG,0.8679835612608665,0.9989669421487604,0.307702735417533
ARUNACHAL PRADESH,WEST SIANG,0.8828097557724804,0.9993954050785974,0.3108770662960664
ASSAM,BAJALI,0.38298134258348243,0.9838274932614556,0.4945333915638904
ASSAM,BAKSA,0.8075798964963244,0.9942084942084942,0.2934169756260507
ASSAM,BARPETA,0.8210308733251394,0.9966946107784431,0.3004165623666377
ASSAM,BISWANATH,0.8540413983258537,0.9997369113391212,0.304166050150215
ASSAM,BONGAIGAON,0.8623981677130699,0.993407076404659,0.30401034294316615
ASSAM,CACHAR,0.7827103328930145,0.9999351575671119,0.3001544867523928
ASSAM,CHARAIDEO,0.830259513892741,0.9996318114874816,0.30965527462732695
ASSAM,CHIRANG,0.8211768664292945,0.9997303855486654,0.30931879537987444
ASSAM,DARRANG,0.7937499264003482,0.999876329458323,0.2864863962302118
ASSAM,DHEMAJI,0.7437806007323408,0.9905024848150193,0.3003394027627246
ASSAM,DHUBRI,0.8283223607019927,0.999746063991874,0.2947660933042245
ASSAM,DIBRUGARH,0.7811783246023715,0.9961761058288549,0.29441279084489297
ASSAM,DIMA HASAO,0.34703601243277515,0.9731543624161074,0.45086229665044
ASSAM,GOALPARA,0.7753058591730673,0.99988477935246,0.2894458549919606
ASSAM,GOLAGHAT,0.6592262832115063,0.9999039569727238,0.31518780442221206
ASSAM,HAILAKANDI,0.8091778096248865,0.9996714848883048,0.296438107743916
ASSAM,HOJAI,0.7987535349203763,0.9995196926032661,0.2924665310417045
ASSAM,JORHAT,0.7796451029239083,0.999856938483548,0.29900709824764116
ASSAM,KAMRUP,0.7729018828704526,0.9949930755299883,0.2914359813115751
ASSAM,KAMRUP METRO,0.8046709988938942,0.9998931738062173,0.2889487707108202
ASSAM,KARBI ANGLONG,0.7993081527832365,0.9998989796949187,0.31101014432152096
ASSAM,KARIMGANJ,0.7165224651578559,0.9998712004121587,0.28967642597215626
ASSAM,KOKRAJHAR,0.8122736484315141,0.9618146785776843,0.2891193572873048
ASSAM,LAKHIMPUR,0.7752523153374955,0.9923123304190533,0.2843502458441446
ASSAM,MAJULI,0.8413370097805165,0.9990645463049579,0.3100006697494665
ASSAM,MARIGAON,0.7671230920148905,0.9580006142506142,0.28566950276312975
ASSAM,NAGAON,0.854273416625586,0.9998784637822071,0.30300326267457844
ASSAM,NALBARI,0.828117866278847,0.9998672155092285,0.2984512135269474
ASSAM,NORTH CACHAR HILLS,0.7797424290336772,0.9988962472406181,0.32530248744677914
ASSAM,SIBSAGAR,0.8022144524618768,0.9996320824135394,0.30389828788396855
ASSAM,SIVASAGAR,0.0,0.0,0.0
ASSAM,SONITPUR,0.7913009690923318,0.9940005853087504,0.28674055361564227
ASSAM,SOUTH SALMARA MANKACHAR,0.8317780806148967,0.999828001375989,0.313030538561273
ASSAM,SRIBHUMI,0.3856389709188807,0.9873366013071896,0.49795328224885566
ASSAM,TAMULPUR DISTRICT,0.3812064834078059,0.9795918367346939,0.4922432917288144
ASSAM,TINSUKIA,0.7528045562451736,0.9995302959135745,0.3011730545280791
ASSAM,UDALGURI,0.8085206337418951,0.9993979530403372,0.2976163353231653
ASSAM,WEST KARBI ANGLONG,0.5921101549610647,0.9984662576687117,0.348437934335473
BALANAGAR,IDPL COLONY,0.06666666666666667,0.6666666666666666,0.21081851067789195
BIHAR,ARARIA,0.8567827220470956,0.9999840038390786,0.3041518999024047
BIHAR,ARWAL,0.8432245461602339,0.9999111269107714,0.30079017089223453
BIHAR,AURANGABAD,0.8657288662989634,0.9999751922599851,0.3074748190732602
BIHAR,AURANGABAD(BH),0.35424822783586296,0.9240924092409241,0.45759992108880754
BIHAR,BANKA,0.8516349748330676,0.9999751552795031,0.302249916439941
BIHAR,BEGUSARAI,0.8631780351076699,0.9999825990116239,0.3059136469116308
BIHAR,BHABUA,0.32655245973646474,0.8679245283018868,0.4227444991641627
BIHAR,BHAGALPUR,0.8255032262541366,0.9989360444496985,0.29700489716075673
BIHAR,BHOJPUR,0.8583980050841451,0.9999797102625492,0.30496815902485347
BIHAR,BUXAR,0.8627889678325917,0.9999645566031048,0.307155806890094
BIHAR,DARBHANGA,0.8670863878856897,0.999983907047104,0.3072611997547677
BIHAR,EAST CHAMPARAN,0.8441787750709855,0.999988251189567,0.30118967099767013
BIHAR,GAYA,0.8255747761702696,0.9999893025246042,0.29254468064964106
BIHAR,GOPALGANJ,0.8311130965350934,0.9999742884323657,0.29679130112247026
BIHAR,JAMUI,0.836858274542627,0.9999659226444028,0.29758719300758835
BIHAR,JEHANABAD,0.8541349813937467,0.9999386314820498,0.30289478097718386
BIHAR,KAIMUR (BHABUA),0.8496819961536136,0.9999574558604553,0.29987392802002305
BIHAR,KATIHAR,0.8667324157264856,0.9999856243351255,0.30617145090495634
BIHAR,KHAGARIA,0.8644770315702314,0.9999631865704609,0.30719270289308126
BIHAR,KISHANGANJ,0.8785799039154328,0.9999768099809841,0.3102026668569537
BIHAR,LAKHISARAI,0.8398141264246849,0.9999389611182323,0.30289075198244425
BIHAR,MADHEPURA,0.8699978461552735,0.9999727891156462,0.30802888778599924
BIHAR,MADHUBANI,0.8412087402567943,0.996017613937148,0.2974954705794311
BIHAR,MONGHYR,0.3499185021680777,0.9435483870967742,0.45271097256066195
BIHAR,MUNGER,0.847124849125499,0.9999548736462094,0.29971227307649245
BIHAR,MUZAFFARPUR,0.8285104219327228,0.9990525637624588,0.29461196113044436
BIHAR,NALANDA,0.8500361565730227,0.9999761649386247,0.3020535396692455
BIHAR,NAWADA,0.8297004067214834,0.9999707730527546,0.3033738636121958
BIHAR,PASHCHIM CHAMPARAN,0.4752524594614137,0.9761904761904762,0.5011056654254166
BIHAR,PATNA,0.8516577650592053,0.9989473547414521,0.3004740250551324
BIHAR,PURBA CHAMPARAN,0.3593858413934746,0.9432989690721649,0.46436079026104027
BIHAR,PURBI CHAMPARAN,0.0,0.0,0.0
BIHAR,PURNEA,0.8784801092319008,0.9987129987129987,0.3097465089787367
BIHAR,PURNIA,0.8552737349757316,0.9999831530711951,0.30288671675354534
BIHAR,ROHTAS,0.8778092866772107,0.9999740636995539,0.30971442630339224
BIHAR,SAHARSA,0.8424435541509674,0.9999743681755268,0.2985105463771601
BIHAR,SAMASTIPUR,0.862975407635836,0.9999877928197366,0.30595556392151624
BIHAR,SAMSTIPUR,0.3517942361281145,0.9565217391304348,0.4551450878298392
BIHAR,SARAN,0.8383369260299416,0.999984765619049,0.2987311241683911
BIHAR,SHEIKHPURA,0.8682903053203075,0.9999081388939923,0.308047963764024
BIHAR,SHEIKPURA,0.36193069213170126,0.9240506329113924,0.46744875459796664
BIHAR,SHEOHAR,0.8643398762405642,0.9999266162765099,0.307000767535471
BIHAR,SITAMARHI,0.7831656268840088,0.9807979763136714,0.2872048568803614
BIHAR,SIWAN,0.8513152613991034,0.9999785001719986,0.3020308284184307
BIHAR,SUPAUL,0.8658962872465285,0.9999798077699701,0.3074322867489549
BIHAR,VAISHALI,0.8589180087608093,0.9999854118951407,0.3060927670167163
BIHAR,WEST CHAMPARAN,0.8300282579253908,0.9999861401782373,0.3013817484648783
CHANDIGARH,CHANDIGARH,0.8752323243049662,0.9999773386511965,0.30911836870013715
CHANDIGARH,MOHALI,0.275,0.8333333333333334,0.36440802663572497
CHANDIGARH,RUPNAGAR,0.3325757575757576,0.9090909090909091,0.4309896653323647
CHHATISGARH,RAIPUR,0.2633333333333333,0.8,0.3472822170391178
CHHATTISGARH,BALOD,0.8876999794885337,0.9999549610413008,0.3123745628727974
CHHATTISGARH,BALODA BAZAR,0.8821356249485774,0.9999724168367629,0.31062108210308526
CHHATTISGARH,BALRAMPUR,0.8545888521518086,0.9999636323962614,0.30456829498827115
CHHATTISGARH,BASTAR,0.8735992152156964,0.9999485278978794,0.3087193799926997
CHHATTISGARH,BEMETARA,0.8840477154532664,0.9999640494679322,0.3113875875376634
CHHATTISGARH,BIJAPUR,0.7613918486875646,0.9771111742962753,0.2750791394847843
CHHATTISGARH,BILASPUR,0.8757954423741234,0.999981990743242,0.30925184726785815
CHHATTISGARH,DAKSHIN BASTAR DANTEWADA,0.8716741800364206,0.9998401534526854,0.30946745438214496
CHHATTISGARH,DANTEWADA,0.8734367328878807,0.9998322710499832,0.3102006125669364
CHHATTISGARH,DHAMTARI,0.8865775690725597,0.999941819874331,0.3120586253527996
CHHATTISGARH,DURG,0.8849904549936835,0.999970321125423,0.3113189499979673
CHHATTISGARH,GARIYABAND,0.8855176440158736,0.9998639455782313,0.3118307526879761
CHHATTISGARH,GAURELA-PENDRA-MARWAHI,0.8780726159780942,0.9989680082559339,0.3100006364913196
CHHATTISGARH,GAURELLA PENDRA MARWAHI,0.0,0.0,0.0
CHHATTISGARH,JANJGIR - CHAMPA,0.36529446597046217,0.9516129032258065,0.4726189138482858
CHHATTISGARH,JANJGIR CHAMPA,0.36968746961270516,0.973404255319149,0.47791598616773273
CHHATTISGARH,JANJGIR-CHAMPA,0.8848738733117459,0.9999777693795434,0.3117232892341294
CHHATTISGARH,JASHPUR,0.884275794359095,0.999958256804141,0.3115143179844459
CHHATTISGARH,KABEERDHAM,0.8840023951691733,0.9998965124702474,0.3114078818185476
CHHATTISGARH,KANKER,0.8820576117290472,0.9999078341013825,0.31109068664645584
CHHATTISGARH,KAWARDHA,0.8843906854671874,0.9999562516405635,0.31150940467547034
CHHATTISGARH,KHAIRAGARH CHHUIKHADAN GANDAI,0.5766904156752883,0.999490575649516,0.4969931116884721
CHHATTISGARH,KONDAGAON,0.8728934125316151,0.9999780494764801,0.30912549993681926
CHHATTISGARH,KORBA,0.8804234684651586,0.9999689132056703,0.31052474092685867
CHHATTISGARH,KORIYA,0.8831466021423852,0.9999330655957162,0.3112477367435107
CHHATTISGARH,MAHASAMUND,0.8793582298737359,0.999988770858131,0.3104948189543802
CHHATTISGARH,MANENDRAGARHCHIRMIRIBHARATPUR,0.2967606183956252,0.9925373134328358,0.4778360356185743
CHHATTISGARH,MANENDRAGARH–CHIRMIRI–BHARATPUR,0.37372980878767914,0.9792249300838993,0.48286456556547663
CHHATTISGARH,MOHALLA-MANPUR-AMBAGARH CHOWKI,0.4572880983750549,0.9855072463768116,0.4850424041689831
CHHATTISGARH,MOHLA-MANPUR-AMBAGARH CHOUKI,0.8898508833360539,0.9997470915528579,0.3129917019764377
CHHATTISGARH,MUNGELI,0.8799813184603809,0.9999626293957173,0.3105797664661939
CHHATTISGARH,NARAYANPUR,0.8734292559779145,0.9999240756206818,0.3090387217415455
CHHATTISGARH,RAIGARH,0.8848552528672855,0.9999679384418083,0.3114732310158226
CHHATTISGARH,RAIPUR,0.8750082038415125,0.9999804779009839,0.3092398598768879
CHHATTISGARH,RAJNANDGAON,0.8844064871239408,0.9999886142390326,0.3114932627301409
CHHATTISGARH,SAKTI,0.8777318920845996,0.9990999099909991,0.3100632385778981
CHHATTISGARH,SARANGARH-BILAIGARH,0.3905961420826506,0.9827233462150489,0.5042761893100948
CHHATTISGARH,SUKMA,0.8504135255832306,0.9997481108312343,0.3015595980036474
CHHATTISGARH,SURAJPUR,0.8815752318939966,0.9999247554552295,0.31073807138414383
CHHATTISGARH,SURGUJA,0.884057821997469,0.999966962899336,0.3114700681614476
CHHATTISGARH,UTTAR BASTAR KANKER,0.8841226712308592,0.9998185447287243,0.3114061889555978
DADRA & NAGAR HAVELI,DADRA & NAGAR HAVELI,0.5767993529450406,0.9928571428571429,0.4969794047563853
DADRA AND NAGAR HAVELI,DADRA AND NAGAR HAVELI,0.8804758151720306,0.9997729852440409,0.31040639402425546
DADRA AND NAGAR HAVELI AND DAMAN AND DIU,DADRA AND NAGAR HAVELI,0.8811884496980917,0.9974160206718347,0.31039189726320804
DADRA AND NAGAR HAVELI AND DAMAN AND DIU,DAMAN,0.8730634028921314,0.9985294117647059,0.30803447907269477
DADRA AND NAGAR HAVELI AND DAMAN AND DIU,DIU,0.45855494751664105,0.9947916666666666,0.4853735619320566
DAMAN & DIU,DAMAN,0.890893556303037,0.9967213114754099,0.3130714116729109
DAMAN & DIU,DIU,0.7801139153817694,0.9952830188679245,0.41150786840342957
DAMAN AND DIU,DAMAN,0.8892380025803366,0.9987029831387808,0.3126703861714545
DAMAN AND DIU,DIU,0.8770641945480053,0.9975,0.3097199253038808
DARBHANGA,NEAR UNIVERSITY THANA,0.06666666666666667,0.6666666666666666,0.21081851067789195
DELHI,CENTRAL DELHI,0.8544610208594641,0.9999502413295517,0.30295370587526815
DELHI,EAST DELHI,0.861086186721883,0.99996809902064,0.30413615692498325
DELHI,NAJAFGARH,0.6694470276780481,0.9954545454545455,0.46349787309245644
DELHI,NEW DELHI,0.7838797973379348,0.9995706311721769,0.34143570165638765
DELHI,NORTH DELHI,0.861711905853657,0.9999669552574185,0.3049756597146782
DELHI,NORTH EAST,0.8646094462636407,0.9999199167133819,0.3076130433114253
DELHI,NORTH EAST   *,0.0,0.0,0.0
DELHI,NORTH EAST DELHI,0.8532332812369845,0.9999836553234611,0.3030520626815344
DELHI,NORTH WEST DELHI,0.8679540287341381,0.9994656762698948,0.306612309421966
DELHI,SHAHDARA,0.8580880135438751,0.9998268997749697,0.3032789192976021
DELHI,SOUTH DELHI,0.8609189379941314,0.9999852084134544,0.3050740183792939
DELHI,SOUTH EAST DELHI,0.8728779337166032,0.9916666666666667,0.30766327922628195
DELHI,SOUTH WEST DELHI,0.8648322249829719,0.9999823751277803,0.30562936722384826
DELHI,WEST DELHI,0.8501128920570571,0.9958283831947294,0.30022069332399315
GOA,BARDEZ,0.36693121693121694,0.9629629629629629,0.4741547215825936
GOA,BICHOLIM,0.13333333333333333,0.6666666666666666,0.28109134757052257
GOA,NORTH GOA,0.8812716054835942,0.9998845798707294,0.3106686291697468
GOA,SOUTH GOA,0.883077168854032,0.9998732894069944,0.3111938071888838
GOA,TISWADI,0.19166666666666665,0.75,0.31439241815379804
GUJARAT,AHMADABAD,0.7524693215191421,0.9996473906911142,0.3695999473362439
GUJARAT,AHMEDABAD,0.8701559542788401,0.9999911357733594,0.3077284080541315
GUJARAT,AMRELI,0.8595713937872601,0.9999362082163817,0.3041810023861899
GUJARAT,ANAND,0.8555807959738526,0.9999622484805013,0.30326759864971536
GUJARAT,ARVALLI,0.8438626424747708,0.999791492910759,0.3005187386898314
GUJARAT,BANAS KANTHA,0.3290855613746403,0.927461139896373,0.42445300029789823
GUJARAT,BANASKANTHA,0.8252799131261426,0.999970881984684,0.2992776305047264
GUJARAT,BHARUCH,0.865407898766445,0.9999624723233385,0.30616005076976505
GUJARAT,BHAVNAGAR,0.8518125074944898,0.9999713966991791,0.30235830214500115
GUJARAT,BOTAD,0.8012787765206342,0.9997930035189402,0.291803566117066
GUJARAT,CHHOTAUDEPUR,0.8242491113387812,0.9998481166464156,0.29733905109762426
GUJARAT,DAHOD,0.8348588536853161,0.9999641820982127,0.29867394159943084
GUJARAT,DANG,0.0,0.0,0.0
GUJARAT,DEVBHUMI DWARKA,0.8267792611745313,0.9997747747747747,0.2959789237230882
GUJARAT,DOHAD,0.6936310805772246,0.9995755517826825,0.35986287918425097
GUJARAT,GANDHINAGAR,0.8574002687892314,0.999958901857636,0.303062126678452
GUJARAT,GIR SOMNATH,0.8013006352784962,0.9998649743451256,0.2953527941899871
GUJARAT,JAMNAGAR,0.8531012487392922,0.9999566028728898,0.3021486130650003
GUJARAT,JUNAGADH,0.8621319185385513,0.9999563166171588,0.3064071133205716
GUJARAT,KACHCHH,0.8524249798377189,0.9980313600884161,0.30222767594908667
GUJARAT,KHEDA,0.8555601104404913,0.9999731356114335,0.30356864627231556
GUJARAT,MAHESANA,0.8572246203433929,0.99996428443873,0.3031866260121337
GUJARAT,MAHISAGAR,0.8404684467118706,0.9998262682418346,0.2992661549967198
GUJARAT,MORBI,0.7853252562903629,0.9888991674375578,0.28258725227410497
GUJARAT,NARMADA,0.8711278639150777,0.9999060680067631,0.308413794239162
GUJARAT,NAVSARI,0.8664084919968736,0.999938283034006,0.3057050061491022
GUJARAT,PANCH MAHALS,0.35946295729898925,0.9384057971014492,0.46504020300860355
GUJARAT,PANCHMAHALS,0.8558085007295173,0.9999513855128829,0.3035502622691265
GUJARAT,PATAN,0.8298246747834988,0.987525308601659,0.2958194409812286
GUJARAT,PORBANDAR,0.848237233815284,0.9998774960186206,0.30010133098202246
GUJARAT,RAJKOT,0.8469342300112637,0.9999774881249859,0.2998707030228406
GUJARAT,SABAR KANTHA,0.3524095721923764,0.9320987654320988,0.4555639130509967
GUJARAT,SABARKANTHA,0.8632348135199779,0.9999583992012646,0.30560503264527045
GUJARAT,SURAT,0.8617684228802786,0.999989750422795,0.3042430502828197
GUJARAT,SURENDRA NAGAR,0.8466376997906506,0.9999648221761002,0.3028537718469855
GUJARAT,SURENDRANAGAR,0.36226735123326814,0.9503311258278145,0.4680522676712851
GUJARAT,TAPI,0.8604184620178282,0.9998986315255955,0.3069509115276355
GUJARAT,THE DANGS,0.8597956104421558,0.9998329435349148,0.3049000282020941
GUJARAT,VADODARA,0.8600924486622423,0.9983869811456019,0.30406939344407735
GUJARAT,VALSAD,0.8467912420825001,0.9999629766753054,0.30021166801243493
HARYANA,AKHERA,0.05,0.5,0.15811388300841897
HARYANA,AMBALA,0.8692563395937363,0.999930001399972,0.30757868570525426
HARYANA,BHIWANI,0.8735080853963003,0.9999457847655191,0.3088962557608287
HARYANA,CHARKHI DADRI,0.8664974380841072,0.9997160704145373,0.3078557581252225
HARYANA,FARIDABAD,0.8484475617582424,0.9960459818272277,0.2992709314541191
HARYANA,FATEHABAD,0.8750490992347555,0.9999439650341814,0.30916308061976616
HARYANA,GURGAON,0.8629601164712313,0.999966832504146,0.30538097900141836
HARYANA,GURUGRAM,0.0,0.0,0.0
HARYANA,HISAR,0.8702263178916096,0.9999686952166291,0.3077561910701253
HARYANA,JHAJJAR,0.8711830372758513,0.999931157923723,0.30855616829248883
HARYANA,JHAJJAR *,0.0,0.0,0.0
HARYANA,JIND,0.870995333001374,0.9999457288613915,0.30856028746487146
HARYANA,KAITHAL,0.872860843813681,0.9999483310943474,0.3081347301226366
HARYANA,KARNAL,0.8703385758407993,0.9999544315333789,0.3083624530469361
HARYANA,KURUKSHETRA,0.8742174778004612,0.9999335371527316,0.30877234835237705
HARYANA,MAHENDRAGARH,0.8681735195708591,0.9999025151101579,0.3079312312271026
HARYANA,MEWAT,0.8547658641091374,0.9999577667032689,0.30396356125890656
HARYANA,NUH,0.0,0.0,0.0
HARYANA,PALWAL,0.865993428944593,0.9999554148646841,0.30750285235647745
HARYANA,PANCHKULA,0.8784767427274522,0.9999120492524186,0.3099375375056601
HARYANA,PANIPAT,0.8575473313233681,0.9999604805564337,0.3036757445946993
HARYANA,REWARI,0.8748071013770289,0.9999138005344367,0.30915742529975765
HARYANA,ROHTAK,0.8657647343035748,0.9999324187335271,0.3064992828990117
HARYANA,SIRSA,0.8779993398261233,0.999953007518797,0.3098564958929307
HARYANA,SONIPAT,0.8676547086742259,0.9999598458079023,0.3071821435446875
HARYANA,YAMUNA NAGAR,0.8757212208255039,0.9999569818463392,0.30938891703589977
HARYANA,YAMUNANAGAR,0.7678223084800211,0.9904761904761905,0.4059957025897954
HIMACHAL PRADESH,BILASPUR,0.8734910567741345,0.9997489959839357,0.30871517311075014
HIMACHAL PRADESH,CHAMBA,0.8774924700511082,0.9999002195170624,0.30973268768029716
HIMACHAL PRADESH,HAMIRPUR,0.8725794229576553,0.9997615072740281,0.3085965432808968
HIMACHAL PRADESH,KANGRA,0.8762661786044268,0.9999531966676027,0.3095121243088622
HIMACHAL PRADESH,KINNAUR,0.8777610963388238,0.9988235294117647,0.30960952560640836
HIMACHAL PRADESH,KULLU,0.8697433083755748,0.9997724687144482,0.30726962461195007
HIMACHAL PRADESH,LAHAUL AND SPITI,0.37172976011994,0.9565217391304348,0.4803774039953112
HIMACHAL PRADESH,LAHUL & SPITI,0.47770626432391133,0.987012987012987,0.5039508755580827
HIMACHAL PRADESH,LAHUL AND SPITI,0.576649838920064,0.9922480620155039,0.4968964991662992
HIMACHAL PRADESH,MANDI,0.8750672578371557,0.9999219725343321,0.3091074595108825
HIMACHAL PRADESH,SHIMLA,0.8784116016092163,0.999878699660359,0.3099144074035436
HIMACHAL PRADESH,SIRMAUR,0.8687606464758714,0.9999045346062052,0.30799122042304516
HIMACHAL PRADESH,SOLAN,0.8777265304602366,0.9998309954368768,0.3097932657035918
HIMACHAL PRADESH,UNA,0.8774402948564279,0.9998167155425219,0.3096885912674245
JAIPUR,NEAR MEERA HOSPITAL,0.06666666666666667,0.6666666666666666,0.21081851067789195
JAMMU & KASHMIR,ANANTNAG,0.2651082251082251,0.8571428571428571,0.35982097888778
JAMMU & KASHMIR,BADGAM,0.2925,0.8,0.38006761094427516
JAMMU & KASHMIR,BANDIPUR,0.05,0.5,0.15811388300841897
JAMMU & KASHMIR,BARAMULA,0.3065691720325341,0.828125,0.3977011253734384
JAMMU & KASHMIR,DODA,0.195,0.8,0.33036175457956524
JAMMU & KASHMIR,JAMMU,0.34395426153330366,0.9507042253521126,0.4454614861121313
JAMMU & KASHMIR,KARGIL,0.20892857142857144,0.75,0.33777336287990767
JAMMU & KASHMIR,KATHUA,0.35745098039215684,0.9411764705882353,0.46238658982703795
JAMMU & KASHMIR,KUPWARA,0.1476190476190476,0.8571428571428571,0.28077745428716105
JAMMU & KASHMIR,LEH (LADAKH),0.2684920634920635,0.8571428571428571,0.3831524598749021
JAMMU & KASHMIR,PULWAMA,0.09166666666666666,0.3333333333333333,0.1493297783968401
JAMMU & KASHMIR,PUNCH,0.25666666666666665,0.8,0.3392256978385837
JAMMU & KASHMIR,RAJAURI,0.30990196078431376,0.8823529411764706,0.40347089999260577
JAMMU & KASHMIR,SRINAGAR,0.3132467532467532,0.8181818181818182,0.4052969124316471
JAMMU & KASHMIR,UDHAMPUR,0.25166666666666665,0.75,0.33058589963432655
JAMMU AND KASHMIR,?,0.05,0.5,0.15811388300841897
JAMMU AND KASHMIR,ANANTNAG,0.8620497159690444,0.9999301675977653,0.30757360051469007
JAMMU AND KASHMIR,BADGAM,0.8462365295195668,0.9998408656906429,0.3054691068090928
JAMMU AND KASHMIR,BANDIPORE,0.8559562524047521,0.9998311096098632,0.30657854147731506
JAMMU AND KASHMIR,BANDIPUR,0.05,0.5,0.15811388300841897
JAMMU AND KASHMIR,BARAMULA,0.866022664652452,0.9999307958477509,0.3068171184122506
JAMMU AND KASHMIR,BUDGAM,0.8745002898848199,0.9998716632443532,0.30908946759489414
JAMMU AND KASHMIR,DODA,0.8271485650695812,0.9998588567395907,0.30137097574711535
JAMMU AND KASHMIR,GANDERBAL,0.8629024928734765,0.9996809189534142,0.307775686952311
JAMMU AND KASHMIR,JAMMU,0.8728260200923168,0.9999543691535479,0.3086223661858787
JAMMU AND KASHMIR,KARGIL,0.8402523263391792,0.9987593052109182,0.3034642862564884
JAMMU AND KASHMIR,KATHUA,0.8610977744454352,0.9998964481723103,0.30653187748687316
JAMMU AND KASHMIR,KISHTWAR,0.8477354326345944,0.9997746732762506,0.30543214477654074
JAMMU AND KASHMIR,KULGAM,0.8627919425197825,0.9998429648241206,0.3072081440917919
JAMMU AND KASHMIR,KUPWARA,0.8657452946343627,0.9999438580732091,0.3076407701940353
JAMMU AND KASHMIR,LEH,0.8663736244917294,0.9986149584487535,0.30695135726469
JAMMU AND KASHMIR,POONCH,0.125,0.75,0.27003086243366087
JAMMU AND KASHMIR,PULWAMA,0.8672250043276547,0.9998430141287284,0.30892775050145577
JAMMU AND KASHMIR,PUNCH,0.8649288892207814,0.9999235240134597,0.30667412838606856
JAMMU AND KASHMIR,RAJOURI,0.8705388252559079,0.9999221183800623,0.30843679694304105
JAMMU AND KASHMIR,RAMBAN,0.8600153528319543,0.9997715851987209,0.3071408620641086
JAMMU AND KASHMIR,REASI,0.8503989612224834,0.9998577727208079,0.30550920828822026
JAMMU AND KASHMIR,SAMBA,0.8708313296581245,0.9995850622406639,0.30832303770422503
JAMMU AND KASHMIR,SHOPIAN,0.0,0.0,0.0
JAMMU AND KASHMIR,SHUPIYAN,0.8736989421198116,0.9997476022211005,0.308751411767641
JAMMU AND KASHMIR,SRINAGAR,0.8770905012845779,0.999932718831999,0.3101132652116198
JAMMU AND KASHMIR,UDHAMPUR,0.8586522985204956,0.9999222395023328,0.3062986911646803
JHARKHAND,BOKARO,0.8703099097744147,0.9999767517552425,0.3082580564772471
JHARKHAND,BOKARO *,0.13333333333333333,0.5,0.2194268628681278
JHARKHAND,CHATRA,0.8494894870107608,0.9999646080339762,0.3018606560015041
JHARKHAND,DEOGHAR,0.8441856166627252,0.999869109947644,0.3030448002731231
JHARKHAND,DHANBAD,0.8562071175742689,0.9999870429396979,0.30496867821853124
JHARKHAND,DUMKA,0.859209071265829,0.999974957427627,0.30461752184360685
JHARKHAND,EAST SINGHBHUM,0.8619322331362996,0.9999768223432611,0.30595632270034867
JHARKHAND,EAST SINGHBUM,0.0,0.0,0.0
JHARKHAND,GARHWA,0.8626921988254823,0.9999634155264506,0.30709172238916516
JHARKHAND,GARHWA *,0.8636493602487206,0.9988888888888889,0.30694302461489265
JHARKHAND,GIRIDIH,0.837314665109985,0.9999883573366243,0.3015710048581723
JHARKHAND,GODDA,0.8684647241039609,0.9999694096053839,0.30779158870729306
JHARKHAND,GUMLA,0.8556555081898674,0.9999536607970343,0.3035404274292544
JHARKHAND,HAZARIBAG,0.8734841016125635,0.9997788589119858,0.3089431483283815
JHARKHAND,HAZARIBAGH,0.8597944527563263,0.9999752830095407,0.30635659110572816
JHARKHAND,JAMTARA,0.8519176980873981,0.9999461003611276,0.3059579001690706
JHARKHAND,KHUNTI,0.8628115684407385,0.999923792104862,0.3048490935168109
JHARKHAND,KODARMA,0.866280444936564,0.9992790194664743,0.30788332274157254
JHARKHAND,KODERMA,0.8465958116806134,0.9999471458773784,0.30604334528969684
JHARKHAND,LATEHAR,0.8748248099982339,0.9999517304629049,0.3091421976211523
JHARKHAND,LOHARDAGA,0.8492681138706015,0.9999250206193296,0.30156572167212337
JHARKHAND,PAKAUR,0.8647284746789898,0.999482669425763,0.3079248918964023
JHARKHAND,PAKUR,0.8088618071184612,0.9999675913922738,0.29780200160829823
JHARKHAND,PALAMAU,0.867191505447604,0.9994478188845941,0.30770987835893177
JHARKHAND,PALAMU,0.8656457812638578,0.9999866483303738,0.30752487027303943
JHARKHAND,PASHCHIMI SINGHBHUM,0.8777189934173103,0.9997974478428195,0.3097603098068164
JHARKHAND,PURBI SINGHBHUM,0.8630685406700953,0.9997264021887825,0.3078428847313499
JHARKHAND,RAMGARH,0.8639806673485697,0.9999513618677043,0.30750782448543873
JHARKHAND,RANCHI,0.8481706523994591,0.9999862895375461,0.3017840342471169
JHARKHAND,SAHEBGANJ,0.863941724561486,0.9999713302752293,0.30730563588983983
JHARKHAND,SAHIBGANJ,0.8519399471566487,0.998914223669924,0.306370702289195
JHARKHAND,SERAIKELA-KHARSAWAN,0.8687883728149604,0.9999488726417506,0.30788030854357207
JHARKHAND,SIMDEGA,0.8763597902465247,0.9999425485464782,0.3095807616354292
JHARKHAND,WEST SINGHBHUM,0.8664900565776474,0.9999722492021645,0.30657003102044883
KARNATAKA,BAGALKOT,0.8549583888234317,0.9999628625543135,0.305998222281649
KARNATAKA,BAGALKOT *,0.8514719600431373,0.9965156794425087,0.3041422184590543
KARNATAKA,BALLARI,0.8540442292966188,0.9999118476727785,0.3063497335389289
KARNATAKA,BANGALORE,0.8750669040916847,0.999969117692474,0.30914915885312055
KARNATAKA,BANGALORE RURAL,0.8697103790527141,0.9999286631473819,0.3074658376582581
KARNATAKA,BELAGAVI,0.8505933278448676,0.9999647577092511,0.30624418222195016
KARNATAKA,BELGAUM,0.8690324033645955,0.999971042191527,0.308230867096297
KARNATAKA,BELLARY,0.866124308353785,0.9999358933264952,0.30775155645285585
KARNATAKA,BENGALURU,0.8522760726134019,0.9999891667027777,0.3023596187619437
KARNATAKA,BENGALURU RURAL,0.3729755538579068,0.9642857142857143,0.481973712581313
KARNATAKA,BENGALURU SOUTH,0.3818806136142001,0.9935275080906149,0.49337826633326204
KARNATAKA,BENGALURU URBAN,0.0,0.0,0.0
KARNATAKA,BIDAR,0.867429970167428,0.9999518698560909,0.30753799553414235
KARNATAKA,BIJAPUR,0.8623088986217716,0.9999401734968592,0.30737060042845277
KARNATAKA,BIJAPUR(KAR),0.24939393939393942,0.7272727272727273,0.32683612853043653
KARNATAKA,CHAMARAJANAGAR,0.8507188129437079,0.996,0.30500160374555646
KARNATAKA,CHAMARAJANAGAR *,0.32197201303810274,0.9024390243902439,0.41920951107937543
KARNATAKA,CHAMRAJANAGAR,0.8609918969756484,0.9998653017241379,0.30711210251537174
KARNATAKA,CHAMRAJNAGAR,0.8538247305225413,0.9956140350877193,0.3043985556467207
KARNATAKA,CHICKMAGALUR,0.8722004650363078,0.9997669540899558,0.3084677544487547
KARNATAKA,CHIKKABALLAPUR,0.8644890340530041,0.999931717309662,0.3073562204865512
KARNATAKA,CHIKKAMAGALURU,0.8612585022086131,0.9997884493336154,0.30688669854434963
KARNATAKA,CHIKMAGALUR,0.8565808562243099,0.9933774834437086,0.30437089278618285
KARNATAKA,CHITRADURGA,0.8651966620705549,0.9999421530629953,0.3071744303426514
KARNATAKA,DAKSHINA KANNADA,0.8631601329872559,0.9999596367305752,0.30698063060480424
KARNATAKA,DAVANAGERE,0.8710974935540714,0.9989339019189766,0.30802068090385115
KARNATAKA,DAVANGERE,0.8644208055842109,0.9999468706832431,0.30696096436668024
KARNATAKA,DHARWAD,0.8637186840530046,0.9999637339522739,0.3072924618502698
KARNATAKA,GADAG,0.8472965709871545,0.9999307910582047,0.3072012755608124
KARNATAKA,GADAG *,0.8575065353473305,0.9968253968253968,0.3061380414685017
KARNATAKA,GULBARGA,0.8631058389165547,0.9999120647203658,0.30718796275931964
KARNATAKA,HASAN,0.8712639314949842,0.9992175273865415,0.30816389947073475
KARNATAKA,HASSAN,0.8709565813050512,0.9999254621347644,0.30846452859145934
KARNATAKA,HAVERI,0.8629203062846255,0.9999579195421646,0.3069662274955244
KARNATAKA,HAVERI *,0.8620348948095804,0.997907949790795,0.30495657599979503
KARNATAKA,KALABURAGI,0.8570079981720923,0.9999382220300241,0.3048012408702429
KARNATAKA,KODAGU,0.8679943722565495,0.9997749268512266,0.30758215407409506
KARNATAKA,KOLAR,0.8650544644858089,0.9999437886453063,0.307512777480537
KARNATAKA,KOPPAL,0.8544677339728084,0.9999375858194982,0.30583604521632324
KARNATAKA,MANDYA,0.8699501349276282,0.9999435123990285,0.30806420610592006
KARNATAKA,MYSORE,0.8701896296575496,0.9998924268502581,0.3081079510908225
KARNATAKA,MYSURU,0.8558170688233673,0.9999354380528117,0.3034232822979348
KARNATAKA,RAICHUR,0.850448098896741,0.9999505317833293,0.30463896155448517
KARNATAKA,RAMANAGAR,0.8637115500934062,0.9999189364461738,0.30779327440691734
KARNATAKA,RAMANAGARA,0.0,0.0,0.0
KARNATAKA,SHIMOGA,0.8646589281591405,0.9998059382883757,0.3070195696303141
KARNATAKA,SHIVAMOGGA,0.8664321579939225,0.9999171430938769,0.30742944557280233
KARNATAKA,TUMAKURU,0.8629428685814519,0.999916282963583,0.306983889098638
KARNATAKA,TUMKUR,0.8743562175996594,0.9999275204754656,0.3089889286848403
KARNATAKA,UDUPI,0.8588519649488922,0.9999107859755554,0.30736115152903426
KARNATAKA,UDUPI *,0.13333333333333333,0.6666666666666666,0.28109134757052257
KARNATAKA,UTTARA KANNADA,0.8630670564887627,0.9999282536949348,0.3071372961430821
KARNATAKA,VIJAYANAGARA,0.8438514898707583,0.9998449371995658,0.3052367959491418
KARNATAKA,VIJAYAPURA,0.845447958853845,0.9999421463696847,0.3043438452485515
KARNATAKA,YADGIR,0.8413425230345553,0.9999413352106066,0.3027708898450582
KERALA,ALAPPUZHA,0.877148355092921,0.9999268364062043,0.30970778208100264
KERALA,ERNAKULAM,0.8751410417668021,0.9999636575083588,0.3089120593824737
KERALA,IDUKKI,0.8768907397137774,0.9998662207357859,0.3097138004221677
KERALA,KANNUR,0.8750851724571553,0.9999447361149488,0.30911741892148215
KERALA,KASARAGOD,0.8696463615946632,0.9999125568380552,0.3081261163178628
KERALA,KASARGOD,0.7607019006334389,0.9941176470588236,0.40290430905192415
KERALA,KOLLAM,0.8768653645671141,0.9999499098377079,0.30957399050250844
KERALA,KOTTAYAM,0.8765542605158878,0.9999175393749484,0.309513540835979
KERALA,KOZHIKODE,0.8792182179837814,0.9999669825337604,0.3101626866324401
KERALA,MALAPPURAM,0.8711085110451731,0.999978578467075,0.30825343051192666
KERALA,PALAKKAD,0.8722863770166022,0.9999624624624625,0.30854481103077774
KERALA,PATHANAMTHITTA,0.8806532673901485,0.9998933333333333,0.3104365184816032
KERALA,THIRUVANANTHAPURAM,0.8741529348027536,0.9999635422363192,0.3088040671879651
KERALA,THRISSUR,0.8736424335560542,0.9999562363238512,0.30895850681716297
KERALA,WAYANAD,0.8778333841413499,0.9998863507216729,0.30990464687090513
LADAKH,KARGIL,0.833800984697653,0.9993183367416496,0.30378855047661074
LADAKH,LEH,0.876606491173748,0.9995138551288284,0.30941620703260997
LAKSHADWEEP,LAKSHADWEEP,0.8718008695465409,0.9985855728429985,0.30855704554251573
MADANAPALLE,KADIRI ROAD,0.06666666666666667,0.6666666666666666,0.21081851067789195
MADHYA PRADESH,AGAR MALWA,0.8189990781689758,0.9997406639004149,0.3067128744669728
MADHYA PRADESH,ALIRAJPUR,0.8239246729826126,0.999918533604888,0.2948496541179526
MADHYA PRADESH,ANUPPUR,0.8566858990638451,0.9999385031670869,0.306801450267462
MADHYA PRADESH,ASHOK NAGAR,0.8495126978871406,0.9999468763280918,0.30450727944954453
MADHYA PRADESH,ASHOKNAGAR,0.0,0.0,0.0
MADHYA PRADESH,BALAGHAT,0.8579454880385269,0.9999710279290763,0.30629288048732767
MADHYA PRADESH,BARWANI,0.8154259487579691,0.9999689575960763,0.29192051562427673
MADHYA PRADESH,BETUL,0.8593844621103435,0.9999663379001582,0.30531760551789194
MADHYA PRADESH,BHIND,0.8172076689171565,0.995167384236886,0.29064065025119984
MADHYA PRADESH,BHOPAL,0.8542624453592976,0.9999739752765127,0.30377271195358047
MADHYA PRADESH,BURHANPUR,0.8160344851456462,0.9998966301426504,0.28993301864881715
MADHYA PRADESH,CHHATARPUR,0.8284732166864025,0.9999779385810096,0.2964405762085287
MADHYA PRADESH,CHHINDWARA,0.8532810952128683,0.9999725357721567,0.3063175976731868
MADHYA PRADESH,DAMOH,0.8572441822380158,0.9999685207920169,0.30638205645704436
MADHYA PRADESH,DATIA,0.8386122997249043,0.9999233833895188,0.30101185639958855
MADHYA PRADESH,DEWAS,0.8377749715138011,0.9999574413754947,0.301071727977088
MADHYA PRADESH,DHAR,0.8413548198482619,0.9999719589478997,0.3007317779582909
MADHYA PRADESH,DINDORI,0.8613069856421273,0.999948076224103,0.3067062614275029
MADHYA PRADESH,EAST NIMAR,0.8307958497353336,0.9998613806487385,0.3028278969392923
MADHYA PRADESH,GUNA,0.8411789162168836,0.9999673618590685,0.3021467517214236
MADHYA PRADESH,GWALIOR,0.8227791407257816,0.989764393821189,0.2933423550476073
MADHYA PRADESH,HARDA,0.8483394636834483,0.9998739601714142,0.30535122148648447
MADHYA PRADESH,HARDA *,0.8539138680906516,0.9994717379820391,0.3062292068483813
MADHYA PRADESH,HOSHANGABAD,0.8448003976439855,0.9999356416527223,0.3045519922864881
MADHYA PRADESH,INDORE,0.8477067358071434,0.9999791779452797,0.301636571816791
MADHYA PRADESH,JABALPUR,0.8555607885594287,0.999971281697826,0.30540133029344985
MADHYA PRADESH,JHABUA,0.8131167536186552,0.9999537508093609,0.2907932395169494
MADHYA PRADESH,KATNI,0.835499427061848,0.9999362570117287,0.30126837512265003
MADHYA PRADESH,KHANDWA,0.8414640917154703,0.9999133674088192,0.30058912145038647
MADHYA PRADESH,KHARGONE,0.834416079813912,0.9999690412061546,0.2978546214072472
MADHYA PRADESH,MAIHAR,0.7557883963998873,0.9990029910269193,0.40148272573360155
MADHYA PRADESH,MANDLA,0.8488911816933546,0.9999437475389549,0.3053783201340642
MADHYA PRADESH,MANDSAUR,0.8351319016786558,0.9999667398390208,0.3068115678078724
MADHYA PRADESH,MAUGANJ,0.7527273302115529,0.9989680082559339,0.4002045557829381
MADHYA PRADESH,MORENA,0.8170618205540434,0.9999812481248125,0.29174133167020533
MADHYA PRADESH,NARMADAPURAM,0.8485059497345402,0.9994262765347103,0.30611318348651273
MADHYA PRADESH,NARSIMHAPUR,0.8483944765986914,0.9994404029099049,0.3057039685229405
MADHYA PRADESH,NARSINGHPUR,0.851033660258194,0.9999066380356643,0.30494860452375677
MADHYA PRADESH,NEEMUCH,0.8427786201766612,0.9999330924662116,0.30570383276058544
MADHYA PRADESH,NIWARI,0.8658548867509172,0.9988023952095808,0.30722594377698986
MADHYA PRADESH,PANDHURNA,0.46044815858559457,0.9883720930232558,0.4872806077598171
MADHYA PRADESH,PANNA,0.8308280382743115,0.9999601926674894,0.3036295020907722
MADHYA PRADESH,RAISEN,0.8526322657294862,0.9999576486532272,0.30489267499640765
MADHYA PRADESH,RAJGARH,0.8526512240291886,0.9999726775956285,0.30553721922289917
MADHYA PRADESH,RATLAM,0.8533622495960754,0.9999753019338585,0.3072340258229874
MADHYA PRADESH,REWA,0.8617431266587395,0.9999774962306186,0.30679938512024885
MADHYA PRADESH,SAGAR,0.8475371141299994,0.9999757522853471,0.30341014538443745
MADHYA PRADESH,SATNA,0.852295692056447,0.9999749492722764,0.30469062974832545
MADHYA PRADESH,SEHORE,0.8531572047846483,0.9999577809676602,0.30360570375344853
MADHYA PRADESH,SEONI,0.8560465603299827,0.9999683884428147,0.3060080225820969
MADHYA PRADESH,SHAHDOL,0.860687372280443,0.9999603095852352,0.30647237099973573
MADHYA PRADESH,SHAJAPUR,0.8480149178110612,0.9999627171724703,0.30525413066728696
MADHYA PRADESH,SHEOPUR,0.8282226689261648,0.9999341368635974,0.2960559730521909
MADHYA PRADESH,SHIVPURI,0.84160299193453,0.9999764423190182,0.30088520866109214
MADHYA PRADESH,SIDHI,0.856162551840203,0.9999714562995947,0.30611857743114695
MADHYA PRADESH,SINGRAULI,0.8536754671682989,0.999968384445147,0.3055714069720798
MADHYA PRADESH,TIKAMGARH,0.8564579765286666,0.9999735575651806,0.3060618875848266
MADHYA PRADESH,UJJAIN,0.8447583846664319,0.9999704430585523,0.30549861180001076
MADHYA PRADESH,UMARIA,0.8338279751401709,0.9999263026015182,0.3048881636456957
MADHYA PRADESH,VIDISHA,0.8472782448668253,0.999953353857636,0.30153971651220407
MADHYA PRADESH,WEST NIMAR,0.8488130319213365,0.9994192799070848,0.30560461305182013
MAHARASHTRA,AHILYANAGAR,0.09942833809718252,0.9942833809718252,0.31442001235238887
MAHARASHTRA,AHMADNAGAR,0.8868078219453759,0.9999833174849441,0.31211762836852797
MAHARASHTRA,AHMED NAGAR,0.882828680648698,0.998046875,0.31080685360165755
MAHARASHTRA,AHMEDNAGAR,0.0,0.0,0.0
MAHARASHTRA,AKOLA,0.8839428083148771,0.9999721448467966,0.3111556403547447
MAHARASHTRA,AMRAVATI,0.8865491070951812,0.9999817014035024,0.3118568734501122
MAHARASHTRA,AURANGABAD,0.8693399570712735,0.9999748712149767,0.30702218676327686
MAHARASHTRA,BEED,0.8782830152191297,0.9999812403856977,0.3090072461886504
MAHARASHTRA,BHANDARA,0.8900034630138045,0.9999406598623308,0.31303697064714825
MAHARASHTRA,BID,0.7835922656856446,0.9992679355783309,0.413765285144792
MAHARASHTRA,BULDANA,0.886937883364396,0.9997216035634744,0.3124498272553003
MAHARASHTRA,BULDHANA,0.8824768101596829,0.9999700670498084,0.3106152253172252
MAHARASHTRA,CHANDRAPUR,0.8868839285973997,0.9999704718596822,0.31197163002976686
MAHARASHTRA,CHATRAPATI SAMBHAJI NAGAR,0.8720302832973212,0.9996203492786636,0.3086424434660786
MAHARASHTRA,CHHATRAPATI SAMBHAJINAGAR,0.8688992830531588,0.9994884910485934,0.3084545910346962
MAHARASHTRA,DHARASHIV,0.8723025310312211,0.9939024390243902,0.3075443009592292
MAHARASHTRA,DHULE,0.8612526435701684,0.9999614940315749,0.3050793105609666
MAHARASHTRA,DIST : THANE,0.05,0.5,0.15811388300841897
MAHARASHTRA,GADCHIROLI,0.8898927045612599,0.99994708434755,0.3131950836061288
MAHARASHTRA,GONDIA,0.39048115377367837,0.9887640449438202,0.5042567132661849
MAHARASHTRA,GONDIYA,0.8869754399189469,0.9999391320226428,0.31231066142447506
MAHARASHTRA,GONDIYA *,0.3913080813967332,0.9880952380952381,0.5052625426317546
MAHARASHTRA,HINGOLI,0.8582099941066982,0.9999461264949898,0.30503433647807116
MAHARASHTRA,HINGOLI *,0.27999999999999997,0.8,0.3635218674965072
MAHARASHTRA,JALGAON,0.88083917658636,0.9999828761258948,0.31015395334681733
MAHARASHTRA,JALNA,0.8853088188712999,0.9999686608793757,0.31179994572729675
MAHARASHTRA,KOLHAPUR,0.8862731868016904,0.9999771334491905,0.311956515478265
MAHARASHTRA,LATUR,0.880397766839646,0.9999791571136771,0.31006780948604323
MAHARASHTRA,MUMBAI,0.8789049922894391,0.9999842623776399,0.3098739710822516
MAHARASHTRA,MUMBAI CITY,0.8763133760194682,0.9999389499389499,0.30955926658148986
MAHARASHTRA,MUMBAI SUBURBAN,0.8583654871019009,0.9999835623643895,0.3034869748214043
MAHARASHTRA,MUMBAI( SUB URBAN ),0.5763798019008449,0.995475113122172,0.49660669573657085
MAHARASHTRA,NAGPUR,0.880051152048732,0.9999856540326514,0.3098375764270412
MAHARASHTRA,NANDED,0.8795933779787658,0.9999839385811342,0.3095891307052506
MAHARASHTRA,NANDURBAR,0.8654339338170971,0.9999642806115159,0.3060115091481529
MAHARASHTRA,NANDURBAR *,0.3736171740806017,0.9646017699115044,0.48318125962099967
MAHARASHTRA,NASHIK,0.8792579566313524,0.9999895850691551,0.3098306557317313
MAHARASHTRA,OSMANABAD,0.8858229863088896,0.9999705240818252,0.31184809034755906
MAHARASHTRA,PALGHAR,0.8673903333249259,0.9999750573680535,0.3057091233646937
MAHARASHTRA,PARBHANI,0.8826962011507004,0.999965751078841,0.3107030241522989
MAHARASHTRA,PUNE,0.8748383882903052,0.9999931742478021,0.3084246329651604
MAHARASHTRA,RAIGAD,0.8445374382309035,0.9998347380598248,0.3043753484111073
MAHARASHTRA,RAIGARH,0.8851758901573475,0.9999608579927979,0.31173752385865644
MAHARASHTRA,RAIGARH(MH),0.37004975122419737,0.9714285714285714,0.47867851285500823
MAHARASHTRA,RATNAGIRI,0.89136222687397,0.9999377296220188,0.3133918278705562
MAHARASHTRA,SANGLI,0.8791252243234983,0.9999695465481012,0.3095163544154143
MAHARASHTRA,SATARA,0.8844630646513544,0.9999698049399118,0.31092191826861815
MAHARASHTRA,SINDHUDURG,0.8903110905004334,0.9998693322879917,0.31310109821073945
MAHARASHTRA,SOLAPUR,0.8823738451419454,0.9999854893709642,0.3104415186779703
MAHARASHTRA,THANE,0.8613012373028883,0.9996219698520957,0.3034775685550463
MAHARASHTRA,WARDHA,0.890315410640625,0.9999505391235533,0.31315337549678807
MAHARASHTRA,WASHIM,0.8849579847042192,0.9999454148471616,0.311264657929565
MAHARASHTRA,WASHIM *,0.38838818254041607,0.9948132780082988,0.5015534610205769
MAHARASHTRA,YAVATMAL,0.8863334291169125,0.9999835672264765,0.31177584906905215
MANIPUR,BISHNUPUR,0.8781598989849823,0.9998982706002034,0.3106147657546944
MANIPUR,CHANDEL,0.8643908456505536,0.9996372869060574,0.31058487719150235
MANIPUR,CHURACHANDPUR,0.7786928644751763,0.9998431864513094,0.2987670154246252
MANIPUR,IMPHAL EAST,0.8916972737651274,0.9999549326242733,0.3136016692773521
MANIPUR,IMPHAL WEST,0.8882531454888266,0.9999472879658426,0.31242128572101063
MANIPUR,JIRIBAM,0.8736140894561929,0.9979716024340771,0.3085875455214366
MANIPUR,KAKCHING,0.8856095488494157,0.9987293519695044,0.3113271699781962
MANIPUR,KANGPOKPI,0.075,0.75,0.23717082451262847
MANIPUR,PHERZAWL,0.3405034154012482,0.9682539682539683,0.4567364581532232
MANIPUR,SENAPATI,0.8762141392180013,0.999820788530466,0.3104028609284304
MANIPUR,TAMENGLONG,0.8583413391603733,0.9995615957913196,0.30821825334196074
MANIPUR,THOUBAL,0.8938017560445866,0.9999486652977413,0.31416014022576555
MANIPUR,UKHRUL,0.8760739095365272,0.9997270742358079,0.3102560742835673
MEGHALAYA,EAST GARO HILLS,0.5200175861015021,0.9997215260373155,0.34959528345908536
MEGHALAYA,EAST JAINTIA HILLS,0.5085991376150402,0.9993626513702996,0.3720290113295269
MEGHALAYA,EAST KHASI HILLS,0.53357032491164,0.9656549520766773,0.3099761354901843
MEGHALAYA,EASTERN WEST KHASI HILLS,0.16529725252192212,0.5765765765765766,0.2448186966639048
MEGHALAYA,JAINTIA HILLS,0.32333333333333336,0.9333333333333333,0.4234285785689294
MEGHALAYA,KAMRUP,0.0,0.0,0.0
MEGHALAYA,NORTH GARO HILLS,0.5784887475370583,0.999388379204893,0.35253581992776795
MEGHALAYA,RI BHOI,0.4972974225744169,0.982555156490508,0.3586982770386125
MEGHALAYA,SOUTH GARO HILLS,0.45042036318164413,0.9995748299319728,0.358992137966201
MEGHALAYA,SOUTH WEST GARO HILLS,0.5950003082464276,0.9997665732959851,0.34456040677997013
MEGHALAYA,SOUTH WEST KHASI HILLS,0.5616244735031601,0.9997397866250325,0.32450891939645127
MEGHALAYA,WEST GARO HILLS,0.6916246987853196,0.9999041502923416,0.2805939419067414
MEGHALAYA,WEST JAINTIA HILLS,0.4811814535818845,0.9048594302736921,0.3286059615875129
MEGHALAYA,WEST KHASI HILLS,0.4856263103081034,0.8989505247376312,0.34217520511228994
MIZORAM,AIZAWL,0.8754034275278169,0.9999541368556228,0.30949152570461397
MIZORAM,CHAMPHAI,0.832365613616308,0.9998980943646184,0.29696271401634095
MIZORAM,HNAHTHIAL,0.3584777183600713,0.96,0.46379769208286425
MIZORAM,KHAWZAWL,0.22980072463768114,0.7142857142857143,0.31417040116181605
MIZORAM,KOLASIB,0.8637534442142748,0.9998257839721254,0.3067564981410289
MIZORAM,LAWNGTLAI,0.794178030161251,0.9997764863656683,0.2907315657543293
MIZORAM,LUNGLEI,0.8501127008601752,0.9999024675704672,0.30185832097938214
MIZORAM,MAMIT,0.869188076280565,0.999819787349072,0.30818990349050596
MIZORAM,MAMMIT,0.860604757105893,0.9993315508021391,0.30588295369598806
MIZORAM,SAIHA,0.7661666219790788,0.9997085397843194,0.30594236235071137
MIZORAM,SAITUAL,0.5489219216792746,0.9642857142857143,0.4754862872136533
MIZORAM,SERCHHIP,0.8789515828323656,0.9998177842565598,0.3099974345694238
NAGALAND,CHUMUKEDIMA,0.8190438046013163,0.9980392156862745,0.3242221753090451
NAGALAND,DIMAPUR,0.8094605488410433,0.9998265695456122,0.2938647390753017
NAGALAND,KIPHIRE,0.7905655931054384,0.9992331288343558,0.3091634784471125
NAGALAND,KOHIMA,0.8284155009088897,0.9996712689020382,0.3028122171393626
NAGALAND,LONGLENG,0.7637394937096965,0.9979879275653923,0.32521046914172363
NAGALAND,MELURI,0.3875277705724559,0.9967948717948718,0.500546540135948
NAGALAND,MOKOKCHUNG,0.8633422764066712,0.9993399339933994,0.30818897714714105
NAGALAND,MON,0.8163826345553262,0.9996871088861077,0.30338849268662066
NAGALAND,NIULAND,0.6535416499074614,0.9953488372093023,0.4558389787902445
NAGALAND,NOKLAK,0.7452825011872409,0.9919354838709677,0.32003043080368093
NAGALAND,PEREN,0.7386757352223053,0.9992006394884093,0.2963433652513274
NAGALAND,PHEK,0.8240736912955742,0.9994890137966275,0.30372256264068914
NAGALAND,SHAMATOR,0.3785365936207943,0.9852941176470589,0.4220226555178611
NAGALAND,TSEMINYU,0.5147732558139535,0.9866666666666667,0.45290781116953327
NAGALAND,TUENSANG,0.808060423024805,0.9995810640971932,0.30527611157129964
NAGALAND,WOKHA,0.8395740008388926,0.9995975855130784,0.3069838895449855
NAGALAND,ZUNHEBOTO,0.8366967794918567,0.9995493465525012,0.30751888128749627
NAGPUR,NEAR UDAY NAGAR NIT GARDEN,0.05,0.5,0.15811388300841897
ODISHA,ANGUL,0.8760465708319124,0.9999403198854142,0.30960488315644
ODISHA,ANUGAL,0.275,0.8333333333333334,0.36440802663572497
ODISHA,ANUGUL,0.8754821862667793,0.995049504950495,0.30878195256621
ODISHA,BALANGIR,0.8657681462135445,0.9999589945462747,0.3077426804148441
ODISHA,BALESHWAR,0.8831431199903527,0.9996929689898679,0.3111266761821478
ODISHA,BALESWAR,0.8681791051370007,0.9999665115032986,0.30857556561135696
ODISHA,BALIANTA,0.05,0.5,0.15811388300841897
ODISHA,BARGARH,0.8681506762093159,0.9999497638902843,0.30832473759413115
ODISHA,BAUDH,0.8769014093989567,0.9989165763813651,0.3095917586510016
ODISHA,BHADRAK,0.8723220725631554,0.9999602938256898,0.308918514977331
ODISHA,BHADRAK(R),0.05,0.5,0.15811388300841897
ODISHA,BOUDH,0.8707244200499484,0.999814367922777,0.30876293167385155
ODISHA,CUTTACK,0.8748903088902095,0.9999722599794724,0.3092942626595937
ODISHA,DEBAGARH,0.8734123832909357,0.9997650375939849,0.3089499451668178
ODISHA,DHENKANAL,0.8776266138678872,0.9999512789281364,0.30995207119764256
ODISHA,GAJAPATI,0.878369028078527,0.9999444937833037,0.3103681307176316
ODISHA,GANJAM,0.8759218750020956,0.9999829679968661,0.3095553348497946
ODISHA,JAGATSINGHAPUR,0.8612641033633821,0.9999197174052665,0.3075849083002797
ODISHA,JAGATSINGHPUR,0.8775446361159677,0.999213217938631,0.30962580115033794
ODISHA,JAJAPUR,0.8759456825259017,0.9999363016752659,0.3094646915384309
ODISHA,JAJPUR,0.8614740357021315,0.9999196593556681,0.30676587066507127
ODISHA,JHARSUGUDA,0.8786437903168706,0.9998973622087652,0.3101331761858519
ODISHA,KALAHANDI,0.8750939234583713,0.9999682972450306,0.3093937900578164
ODISHA,KANDHAMAL,0.8723482465499017,0.9999501545209849,0.30929844557572156
ODISHA,KENDRAPARA,0.8733031244916207,0.9999618655378866,0.3089369301107861
ODISHA,KENDUJHAR,0.8718331498246006,0.9999739291394009,0.30875451779021273
ODISHA,KHORDA,0.8712052083175944,0.9999619337647506,0.3085323330453824
ODISHA,KHORDHA,0.8766300830367083,0.9988649262202043,0.3088983597633773
ODISHA,KORAPUT,0.8757642465549571,0.9999694441898127,0.30948033581222284
ODISHA,MALKANGIRI,0.8661411986815948,0.9999373708273314,0.3093375317575385
ODISHA,MAYURBHANJ,0.8710138482854226,0.9999782386351272,0.3091953165971237
ODISHA,NABARANGAPUR,0.8610770266280927,0.9999666110183639,0.306407323436307
ODISHA,NABARANGPUR,0.0,0.0,0.0
ODISHA,NAYAGARH,0.8755208546285562,0.9999419043746006,0.30930141680887435
ODISHA,NUAPADA,0.8760817933595095,0.9999087507984306,0.3097003642628963
ODISHA,PURI,0.8737430483187921,0.9999449157210533,0.3090940048598933
ODISHA,RAYAGADA,0.8741374114055647,0.9999470282868947,0.30978932230030853
ODISHA,SAMBALPUR,0.8762704147213064,0.9999398423870541,0.30954007349885926
ODISHA,SONAPUR,0.8708207769529542,0.9998805114111602,0.3090724386039464
ODISHA,SUBARNAPUR,0.8705290174065305,0.999618320610687,0.30841906175554745
ODISHA,SUNDARGARH,0.8814124968106322,0.999605367008682,0.3106969029718994
ODISHA,SUNDERGARH,0.8726653578726411,0.9999690095450601,0.30904882386584015
ORISSA,ANGUL,0.18333333333333332,0.6666666666666666,0.2986595567936802
ORISSA,ANUGUL,0.35098015170095836,0.9106145251396648,0.4532932488085233
ORISSA,ANUGUL  *,0.05,0.5,0.15811388300841897
ORISSA,BALANGIR,0.881353523909857,0.9995819397993311,0.31075226658664196
ORISSA,BALESHWAR,0.8643433212460359,0.9977324263038548,0.3069534629356667
ORISSA,BALESWAR,0.2869047619047619,0.8333333333333334,0.3757268088926247
ORISSA,BARGARH,0.7717063198226584,0.9925925925925926,0.40813762306831636
ORISSA,BAUDH,0.20047619047619047,0.6,0.26785873015402706
ORISSA,BHADRAK,0.8714547584166448,0.9989572471324296,0.3087423299802884
ORISSA,CUTTACK,0.8728933587896351,0.9990253411306043,0.30865859825927033
ORISSA,DEBAGARH,0.16999999999999998,0.7,0.2830390628713837
ORISSA,DHENKANAL,0.861678457351817,0.9967105263157895,0.3054100314051043
ORISSA,GAJAPATI,0.36727994227994226,0.9545454545454546,0.47487177206331244
ORISSA,GANJAM,0.8774493677204541,0.9989130434782608,0.3096399867249808
ORISSA,JAGATSINGHAPUR,0.35396690739258097,0.9024390243902439,0.4572003323700385
ORISSA,JAJAPUR,0.7494081872098153,0.9905660377358491,0.3984398193235427
ORISSA,JAJAPUR  *,0.11666666666666665,0.6666666666666666,0.24907235301622105
ORISSA,JHARSUGUDA,0.33450746942402915,0.9487179487179487,0.4357131521650647
ORISSA,KALAHANDI,0.27794289044289044,0.875,0.36732630709438496
ORISSA,KANDHAMAL,0.37406933972489487,0.9562043795620438,0.48318609143060165
ORISSA,KENDRAPARA,0.357848709695234,0.9416666666666667,0.46237767417914194
ORISSA,KENDRAPARA *,0.0,0.0,0.0
ORISSA,KENDUJHAR,0.46637988586057116,0.9855072463768116,0.4925886631768681
ORISSA,KHORDA,0.19166666666666665,0.75,0.31439241815379804
ORISSA,KHORDHA,0.8731035723484464,0.9994892747701737,0.3088083853773489
ORISSA,KHORDHA  *,0.05,0.5,0.15811388300841897
ORISSA,KORAPUT,0.8658699342453751,0.9942528735632183,0.30607893478264386
ORISSA,MALKANGIRI,0.45462877929629625,0.9767441860465116,0.4805231321729553
ORISSA,MAYURBHANJ,0.31086595178206317,0.8823529411764706,0.4054886052223832
ORISSA,NABARANGAPUR,0.3,0.8571428571428571,0.39954622787434346
ORISSA,NAYAGARH,0.6702501657861675,0.990909090909091,0.46320441592964834
ORISSA,NUAPADA,0.10833333333333332,0.75,0.24860723150293834
ORISSA,PURI,0.8753112010220228,0.9981167608286252,0.30888519367414236
ORISSA,RAYAGADA,0.8533384782549414,0.9966101694915255,0.30572122469698443
ORISSA,SAMBALPUR,0.3699078000211298,0.9537037037037037,0.4780597177235813
ORISSA,SONAPUR,0.3487171052631579,0.9,0.4503897068246782
ORISSA,SUBARNAPUR,0.3485714285714286,0.95,0.45418492997597787
ORISSA,SUNDARGARH,0.6589654175941041,0.9937888198757764,0.45671581019092483
ORISSA,SUNDERGARH,0.1,0.6666666666666666,0.2249828525701843
PONDICHERRY,CUDDALORE,0.2,0.6666666666666666,0.3220305943597653
PONDICHERRY,KARAIKAL,0.48056179114387704,0.9946808510638298,0.5068552649574266
PONDICHERRY,PONDICHERRY,0.8788152712995755,0.9996323529411765,0.31007340976203124
PONDICHERRY,VILUPPURAM,0.2583333333333333,0.75,0.3389571880173689
PONDICHERRY,YANAM,0.3661963337009079,0.9366197183098591,0.47289634149537263
PUDUCHERRY,KARAIKAL,0.8841692257465488,0.9996138996138996,0.3113768220406474
PUDUCHERRY,PONDICHERRY,0.3633099658961728,0.9655172413793104,0.46988538125483864
PUDUCHERRY,PUDUCHERRY,0.8818774438165077,0.9998204990127446,0.3107255728301621
PUDUCHERRY,YANAM,0.3777758620689655,0.9827586206896551,0.48795275123273213
PUNJAB,AMRITSAR,0.8637401412030379,0.9999674457972524,0.3046703983416165
PUNJAB,BARNALA,0.8816418174623013,0.999889012208657,0.31082879981976264
PUNJAB,BATHINDA,0.8823797533508554,0.9999508623654857,0.3109870293253148
PUNJAB,FARIDKOT,0.8840981438257393,0.9998917866031815,0.3114752568192974
PUNJAB,FATEHGARH SAHIB,0.8817328056530686,0.999894659222585,0.3108125410207788
PUNJAB,FAZILKA,0.8805021824002418,0.9999403270079962,0.3105159891686165
PUNJAB,FEROZEPUR,0.8830821911558349,0.9999451634130292,0.31117263980497367
PUNJAB,FIROZPUR,0.8860400849936179,0.9995911692559281,0.3119446393073926
PUNJAB,GURDASPUR,0.8733359207106615,0.9999684522682819,0.3079678774161517
PUNJAB,HOSHIARPUR,0.870523078817518,0.9999552852799142,0.3066677556284982
PUNJAB,JALANDHAR,0.8788459200998707,0.9999728791494902,0.31022295985300213
PUNJAB,KAPURTHALA,0.8506922136138997,0.9998974148543291,0.2999232795499969
PUNJAB,LUDHIANA,0.8484251485649908,0.9974907805193324,0.29932501648216153
PUNJAB,MALERKOTLA,0.8686634226473711,0.9998699778962423,0.3079539724394413
PUNJAB,MANSA,0.8858505356553847,0.9999405787628498,0.31186579267272424
PUNJAB,MOGA,0.8826209928326089,0.9999225706542779,0.31110764520297995
PUNJAB,MUKTSAR,0.8809830123561264,0.9991728701406121,0.3107239389923792
PUNJAB,NAWANSHAHR,0.4881490467859069,0.9931506849315068,0.5146220582697183
PUNJAB,PATHANKOT,0.875551231874085,0.9998436522826767,0.30924429979312085
PUNJAB,PATIALA,0.874283024221435,0.999968092913436,0.30831749243133133
PUNJAB,RUPNAGAR,0.8791932307212758,0.9999017971128351,0.3102627730559197
PUNJAB,S.A.S NAGAR,0.0,0.0,0.0
PUNJAB,S.A.S NAGAR(MOHALI),0.7715567531301779,0.9980769230769231,0.40787508833659236
PUNJAB,SANGRUR,0.881852329655296,0.999947851481018,0.31067075097442887
PUNJAB,SAS NAGAR (MOHALI),0.8737669547178977,0.9999520682548052,0.30851241364065085
PUNJAB,SHAHEED BHAGAT SINGH NAGAR,0.8764688365465186,0.9998014691284495,0.30975124780118335
PUNJAB,SRI MUKTSAR SAHIB,0.8833179302893995,0.9999432817196983,0.31133596808875985
PUNJAB,TARN TARAN,0.8739653025314402,0.9999464868625247,0.3086275892925501
PUTTENAHALLI,5TH CROSS,0.05,0.5,0.15811388300841897
RAJA ANNAMALAI PURAM,NEAR DHYANA ASHRAM,0.05,0.5,0.15811388300841897
RAJASTHAN,AJMER,0.8575511688056057,0.9999823723316117,0.30389971755335426
RAJASTHAN,ALWAR,0.84290239506023,0.9999880891408698,0.29896141803985943
RAJASTHAN,BALOTRA,0.19729884563604597,0.9976798143851509,0.4159759093251738
RAJASTHAN,BANSWARA,0.8701906314048692,0.9999841942214074,0.3082065324639817
RAJASTHAN,BARAN,0.8603138017471101,0.9999800083964735,0.3046447384143922
RAJASTHAN,BARMER,0.8529126907238366,0.9999871095814481,0.3046853498529052
RAJASTHAN,BEAWAR,0.197951366926699,0.9956427015250545,0.4173273473457917
RAJASTHAN,BHARATPUR,0.8451995312190805,0.9999823710885852,0.30285417076352866
RAJASTHAN,BHILWARA,0.8570780602022069,0.9999820756407959,0.30395702081059645
RAJASTHAN,BIKANER,0.842540738343202,0.9999746102676078,0.29848451872174997
RAJASTHAN,BUNDI,0.8574651622406663,0.9999653799549939,0.30412280430069416
RAJASTHAN,CHITTAURGARH,0.8584773819543374,0.9968152866242038,0.3064864393084958
RAJASTHAN,CHITTORGARH,0.8604518227976271,0.9999727668845316,0.30528207446302535
RAJASTHAN,CHURU,0.8463629234326582,0.999975705157795,0.30110502016428414
RAJASTHAN,DAUSA,0.8675402417937903,0.9999694786961298,0.3078836984241052
RAJASTHAN,DEEG,0.3834199292569284,0.9870689655172413,0.49517742578722157
RAJASTHAN,DHAULPUR,0.4386440066088796,0.9902912621359223,0.4649350996860608
RAJASTHAN,DHOLPUR,0.8446413675053934,0.9999773637865857,0.3012184740938982
RAJASTHAN,DIDWANA-KUCHAMAN,0.19858542056074766,0.9952,0.41865619712160135
RAJASTHAN,DUNGARPUR,0.8664284017782382,0.9999857425968434,0.30706939277297884
RAJASTHAN,GANGANAGAR,0.8715284409578091,0.9999752921700887,0.30833404735973413
RAJASTHAN,HANUMANGARH,0.8715577226674494,0.9999764339916105,0.3079969708317029
RAJASTHAN,JAIPUR,0.856768083921817,0.9999899434823709,0.3036583811108591
RAJASTHAN,JAISALMER,0.8615115028278961,0.9999137782376272,0.3063222061958627
RAJASTHAN,JALOR,0.8254545521118969,0.9999797423223402,0.30042403580872246
RAJASTHAN,JALORE,0.29640001184913095,0.9970414201183432,0.4772688994880566
RAJASTHAN,JHALAWAR,0.8607503406375961,0.9999819576003608,0.30595004972847456
RAJASTHAN,JHUNJHUNU,0.8624406735389568,0.9917355371900827,0.30639040904127113
RAJASTHAN,JHUNJHUNUN,0.8633617960537388,0.9999655765920826,0.3073625427975863
RAJASTHAN,JODHPUR,0.8414310816171753,0.9999882044870131,0.2982369484294413
RAJASTHAN,KARAULI,0.8476924814139968,0.9999703756369238,0.30183541381374834
RAJASTHAN,KHAIRTHAL-TIJARA,0.19910086397428167,0.9989451476793249,0.41974461018367726
RAJASTHAN,KOTA,0.8621385286860856,0.9999782858879986,0.30692315273069315
RAJASTHAN,KOTPUTLI-BEHROR,0.19848437896160237,0.9978308026030369,0.4184495801617614
RAJASTHAN,NAGAUR,0.8492898690325748,0.9999850158083222,0.30183332208987146
RAJASTHAN,PALI,0.8634363935382126,0.9999757369889604,0.30701290101836737
RAJASTHAN,PHALODI,0.19716428084526244,0.9938650306748467,0.41567609525554444
RAJASTHAN,PRATAPGARH,0.8688170723089156,0.999957457670382,0.30794169305738384
RAJASTHAN,RAJSAMAND,0.8668911707478097,0.9999591135824679,0.30768266812069833
RAJASTHAN,SALUMBAR,0.29117073481613664,0.9859154929577465,0.46898306005069873
RAJASTHAN,SAWAI MADHOPUR,0.8573866265772235,0.9999596627808479,0.30504724334174543
RAJASTHAN,SIKAR,0.8595887466042937,0.9999552192020061,0.3055281333998081
RAJASTHAN,SIROHI,0.8189148116390843,0.9999497209512797,0.2911235370307253
RAJASTHAN,TONK,0.8636510457922556,0.9999631919905771,0.3062327060346969
RAJASTHAN,UDAIPUR,0.8591009185438867,0.9999879413467104,0.30546038621954785
SIKKIM,EAST,0.8754569709742352,0.9996189024390244,0.3095085369412922
SIKKIM,EAST SIKKIM,0.8668689404080412,0.9993928354584092,0.3077662030872428
SIKKIM,MANGAN,0.36130518604202816,0.9285714285714286,0.46673412095816363
SIKKIM,NAMCHI,0.36131143366437485,0.9393939393939394,0.46706486958801136
SIKKIM,NORTH,0.5694347736739256,0.9803921568627451,0.49051818819822784
SIKKIM,NORTH SIKKIM,0.8689555716884712,0.9923076923076923,0.30664086405608604
SIKKIM,SOUTH,0.87645260337641,0.9994720168954594,0.3096581607606531
SIKKIM,SOUTH SIKKIM,0.7984715349441809,0.9987623762376238,0.3192708032759039
SIKKIM,WEST,0.8680362313224276,0.999302649930265,0.30834610416033237
SIKKIM,WEST SIKKIM,0.815744968615886,0.99933818663137,0.30255050334258377
TAMIL NADU,ARIYALUR,0.8756195969261817,0.99995616342276,0.30941845750043817
TAMIL NADU,CHENGALPATTU,0.8472141224834819,0.9997202797202798,0.3127797098991458
TAMIL NADU,CHENNAI,0.8797212115236294,0.9999837967463867,0.3101254806250928
TAMIL NADU,COIMBATORE,0.8767593072373666,0.9999820743555731,0.3097018206762687
TAMIL NADU,CUDDALORE,0.872725034465115,0.9999765219637029,0.3090227910245657
TAMIL NADU,DHARMAPURI,0.8697465238368242,0.9999661189225817,0.308435243387195
TAMIL NADU,DINDIGUL,0.8777783182462947,0.9999781463755764,0.3100015642090356
TAMIL NADU,ERODE,0.8790287706305607,0.9999719266724685,0.31033071035587434
TAMIL NADU,KALLAKURICHI,0.8385340285999957,0.9997111496244945,0.30703521686608704
TAMIL NADU,KANCHEEPURAM,0.8714877824901672,0.9999845897799421,0.308490574390299
TAMIL NADU,KANCHIPURAM,0.23333333333333334,0.8333333333333334,0.3784308081316978
TAMIL NADU,KANNIYAKUMARI,0.8840361904476881,0.9999509683746016,0.31139788697236365
TAMIL NADU,KANYAKUMARI,0.8731664437916274,0.9998936283374109,0.30896581751848295
TAMIL NADU,KARUR,0.8650778551744651,0.999925389838096,0.30774927417338205
TAMIL NADU,KRISHNAGIRI,0.8784967142125408,0.9999714961662344,0.31013200057213386
TAMIL NADU,MADURAI,0.8734622653609373,0.9999829485386897,0.3092692305350276
TAMIL NADU,MAYILADUTHURAI,0.8582477026703307,0.9993036211699164,0.30690466346588036
TAMIL NADU,NAGAPATTINAM,0.875909127667182,0.9999308867233395,0.3097233767440704
TAMIL NADU,NAMAKKAL,0.8765319216940608,0.9999586486374726,0.31003062717939295
TAMIL NADU,NAMAKKAL   *,0.0,0.0,0.0
TAMIL NADU,PERAMBALUR,0.8758118531979454,0.9999053568048457,0.30960330964725974
TAMIL NADU,PUDUKKOTTAI,0.8695195587054508,0.9999654385843644,0.30835296705784365
TAMIL NADU,RAMANATHAPURAM,0.8759041808720218,0.9999572759121593,0.30931017943462885
TAMIL NADU,RANIPET,0.7627701639776534,0.9927536231884058,0.4030637456109658
TAMIL NADU,SALEM,0.8739851031775977,0.9999854843158033,0.3087626249122127
TAMIL NADU,SIVAGANGA,0.8734662164767444,0.9999487047961015,0.30892608485160405
TAMIL NADU,TENKASI,0.8645072800568719,0.9997263273125342,0.3075378132470954
TAMIL NADU,THANJAVUR,0.875172267150328,0.9999789029535865,0.3094272292736631
TAMIL NADU,THE NILGIRIS,0.8754955019846046,0.9998895149707214,0.30962735742001496
TAMIL NADU,THENI,0.876401648534765,0.999954691676861,0.309754825758574
TAMIL NADU,THIRUVALLUR,0.798675590529301,0.9978213507625272,0.3518176477168564
TAMIL NADU,THIRUVARUR,0.8740457462353394,0.9999433459860632,0.3093660091210732
TAMIL NADU,THOOTHUKKUDI,0.8760845072718935,0.9999717976197191,0.3097097191971618
TAMIL NADU,TIRUCHIRAPPALLI,0.8699496284493895,0.9999774317309862,0.30881247927624295
TAMIL NADU,TIRUNELVELI,0.8750419703968323,0.9999819793844158,0.30942011272489617
TAMIL NADU,TIRUPATHUR,0.376852650063857,0.9814814814814815,0.48800201371468954
TAMIL NADU,TIRUPATTUR,0.865278482079763,0.9997543601080816,0.3078817759199842
TAMIL NADU,TIRUPPUR,0.8782765646810526,0.999972155705296,0.310135866539323
TAMIL NADU,TIRUVALLUR,0.8755217852086561,0.9999856127528559,0.3094327791666022
TAMIL NADU,TIRUVANNAMALAI,0.8715956703958738,0.999976643699638,0.3089394136295267
TAMIL NADU,TIRUVARUR,0.14166666666666666,0.75,0.2993047499344662
TAMIL NADU,TUTICORIN,0.19666666666666668,0.8,0.32449390794943483
TAMIL NADU,VELLORE,0.8731261368253248,0.9999779210456593,0.3085170194863442
TAMIL NADU,VILLUPURAM,0.8692189415841838,0.9999636575083588,0.3086328376959353
TAMIL NADU,VILUPPURAM,0.8728910636612295,0.9999329938354329,0.3091254382259311
TAMIL NADU,VIRUDHUNAGAR,0.8765424766534681,0.999959543652399,0.30994154051816597
TAMILNADU,CHENNAI,0.05,0.5,0.15811388300841897
TELANGANA,ADILABAD,0.8832935778234864,0.9999416501342047,0.3112878711141327
TELANGANA,BHADRADRI KOTHAGUDEM,0.8556143354556834,0.9999026763990267,0.30633386990851624
TELANGANA,HANUMAKONDA,0.8794850453780123,0.9997772828507795,0.3100859504295
TELANGANA,HYDERABAD,0.8524698001928879,0.9999821724635872,0.30216680388029843
TELANGANA,JAGITIAL,0.8667356100716145,0.9997521070897373,0.3077863204544881
TELANGANA,JANGAON,0.46830777627423836,0.9830508474576272,0.4941675736997536
TELANGANA,JANGOAN,0.8784500692016837,0.9995854063018242,0.3098725481600501
TELANGANA,JAYASHANKAR BHUPALPALLY,0.875635899752891,0.9998178838098707,0.30915120999840523
TELANGANA,JOGULAMBA GADWAL,0.8695441789411582,0.9998739124952717,0.3084089512217099
TELANGANA,K.V. RANGAREDDY,0.8713170604644528,0.9999854739839051,0.30834648659850944
TELANGANA,KAMAREDDY,0.8702801624070092,0.9997725204731575,0.30860915213320966
TELANGANA,KARIMNAGAR,0.8804349133995709,0.999971617517668,0.31051580562771725
TELANGANA,KHAMMAM,0.8793217884705957,0.9999421095287716,0.3103572248422061
TELANGANA,KOMARAM BHEEM,0.8833924846864425,0.999826779837173,0.31120667563193577
TELANGANA,MAHABUBABAD,0.875347066129946,0.9998178506375228,0.30933255091845424
TELANGANA,MAHABUBNAGAR,0.8742817665103697,0.9999773144892358,0.30933500048490603
TELANGANA,MANCHERIAL,0.8846411097236588,0.9998065015479877,0.31153243023435206
TELANGANA,MEDAK,0.8743084943641175,0.9999553830366306,0.30922408068053947
TELANGANA,MEDCHAL MALKAJGIRI,0.0,0.0,0.0
TELANGANA,MEDCHAL-MALKAJGIRI,0.8721690146737258,0.9999518002602786,0.3079720746982371
TELANGANA,MEDCHAL?MALKAJGIRI,0.35991624790619764,0.9991624790619765,0.41345215497108073
TELANGANA,MEDCHALÂMALKAJGIRI,0.05,0.5,0.15811388300841897
TELANGANA,MEDCHAL−MALKAJGIRI,0.3664851525179116,0.962729912875121,0.47361163173766035
TELANGANA,MULUGU,0.8677080772345149,0.9996924969249692,0.3078663991789383
TELANGANA,NAGARKURNOOL,0.8773032545090196,0.9998298741068391,0.30966735391977457
TELANGANA,NALGONDA,0.878340290786717,0.9999679825825248,0.3101171023536422
TELANGANA,NARAYANPET,0.8717135991305813,0.9996615905245347,0.3083610659390075
TELANGANA,NIRMAL,0.8846977210573016,0.9997359387377872,0.3115592461002781
TELANGANA,NIZAMABAD,0.8740181737158116,0.999965477957676,0.30941743681323314
TELANGANA,PEDDAPALLI,0.8804739717724365,0.9994366197183099,0.3103385993292277
TELANGANA,RAJANNA SIRCILLA,0.8741133407873825,0.9996592844974447,0.3088942471520882
TELANGANA,RANGA REDDY,0.0,0.0,0.0
TELANGANA,RANGAREDDY,0.8758488477722342,0.999439461883408,0.3090492361428107
TELANGANA,SANGAREDDY,0.8699182105098998,0.9998901943559899,0.30836323367250057
TELANGANA,SIDDIPET,0.8823118222251061,0.999796541200407,0.3108420233751894
TELANGANA,SURYAPET,0.8830956194441267,0.9998742612850496,0.31114247193983313
TELANGANA,VIKARABAD,0.8822036372621189,0.9998240056318198,0.3107998122353793
TELANGANA,WANAPARTHY,0.8731225700049524,0.9998690242305174,0.3086530703592772
TELANGANA,WARANGAL,0.8822471322831037,0.9999335371527316,0.3109638623562429
TELANGANA,WARANGAL (URBAN),0.37094658553076404,0.9666666666666667,0.47918574898275396
TELANGANA,WARANGAL RURAL,0.8842342187077863,0.9996756406097956,0.3112665881257347
TELANGANA,WARANGAL URBAN,0.8752920013145508,0.9997988736926791,0.30946831278465964
TELANGANA,YADADRI.,0.8808774254928344,0.9999227023266599,0.3104619880756141
THE DADRA AND NAGAR HAVELI AND DAMAN AND DIU,DADRA AND NAGAR HAVELI,0.0,0.0,0.0
TRIPURA,DHALAI,0.8714815215110608,0.9999108257535224,0.308081309112829
TRIPURA,DHALAI  *,0.8697869359440876,0.9924242424242424,0.30780926044270107
TRIPURA,GOMATI,0.8681319454365471,0.9998579141801648,0.3072529825907114
TRIPURA,KHOWAI,0.8715150071052016,0.9996612466124661,0.30858712630767404
TRIPURA,NORTH TRIPURA,0.8772768566681929,0.999925920438551,0.3092926036400145
TRIPURA,SEPAHIJALA,0.8508229957110774,0.9998753894080997,0.3038911415142276
TRIPURA,SOUTH TRIPURA,0.8782169167829348,0.9999553411932833,0.30995484553746433
TRIPURA,UNAKOTI,0.8608898268885898,0.999786233433091,0.3068067806679172
TRIPURA,WEST TRIPURA,0.8810609582580275,0.9999689662663315,0.3103310317126096
UTTAR PRADESH,AGRA,0.8328372630042373,0.9848403810797259,0.2951300470637287
UTTAR PRADESH,ALIGARH,0.8341932119895649,0.9910716840749749,0.29569316741350044
UTTAR PRADESH,ALLAHABAD,0.8774158914387963,0.9999867838498645,0.30982368555816464
UTTAR PRADESH,AMBEDKAR NAGAR,0.8655523544492155,0.9999662674987351,0.3069210339304571
UTTAR PRADESH,AMETHI,0.8697930239458886,0.9999692222461605,0.3083753037485627
UTTAR PRADESH,AMROHA,0.8606530383066655,0.9999648073200774,0.304369816297598
UTTAR PRADESH,AURAIYA,0.875060388139608,0.999959566553453,0.309271889225957
UTTAR PRADESH,AURAIYA *,0.05,0.5,0.15811388300841897
UTTAR PRADESH,AYODHYA,0.8226983991568675,0.9998209489704566,0.3050582518590506
UTTAR PRADESH,AZAMGARH,0.8492891321169399,0.9999847269950363,0.3017176173236299
UTTAR PRADESH,BAGHPAT,0.8509785314461407,0.9999530406198638,0.30179772411918865
UTTAR PRADESH,BAGHPAT *,0.11666666666666665,0.6666666666666666,0.24907235301622105
UTTAR PRADESH,BAGPAT,0.3038888888888889,0.8888888888888888,0.39848865714916304
UTTAR PRADESH,BAHRAICH,0.7699906470282709,0.9936051708725847,0.2890798673866622
UTTAR PRADESH,BALLIA,0.8715343782784878,0.9999754595204791,0.308460743310529
UTTAR PRADESH,BALRAMPUR,0.8353200592267305,0.9999718373324321,0.2974725790520422
UTTAR PRADESH,BANDA,0.8317899048571753,0.9979271084710104,0.2952556674834538
UTTAR PRADESH,BARA BANKI,0.8739397585432682,0.9999794981138265,0.3087787925322574
UTTAR PRADESH,BARABANKI,0.790757902684384,0.9972972972972973,0.35860073815093246
UTTAR PRADESH,BAREILLY,0.8454098152762584,0.9999864884949534,0.298483743095849
UTTAR PRADESH,BASTI,0.8622561818617109,0.999971579605525,0.30652557958652005
UTTAR PRADESH,BHADOHI,0.8717321876548711,0.9998571836618109,0.3087613166985371
UTTAR PRADESH,BIJNOR,0.8664265862850347,0.9999827565395824,0.3070038127283056
UTTAR PRADESH,BUDAUN,0.8434485222213137,0.999985540356864,0.2994952923931927
UTTAR PRADESH,BULANDSHAHAR,0.32424920959348164,0.9415384615384615,0.4219810526236383
UTTAR PRADESH,BULANDSHAHR,0.8586899648759413,0.9999667486865731,0.3041987808990225
UTTAR PRADESH,CHANDAULI,0.8518530183722153,0.9999753815854259,0.30066232998974823
UTTAR PRADESH,CHANDAULI *,0.06666666666666667,0.6666666666666666,0.21081851067789195
UTTAR PRADESH,CHITRAKOOT,0.8624777992598791,0.999956245898053,0.3069609519691973
UTTAR PRADESH,CHITRAKOOT *,0.05,0.5,0.15811388300841897
UTTAR PRADESH,DEORIA,0.8674224031612139,0.9999761347907021,0.30648663702634543
UTTAR PRADESH,ETAH,0.833680021691768,0.9999569873973074,0.3011629859799395
UTTAR PRADESH,ETAWAH,0.8583191286236935,0.9999528768672541,0.3039384661622713
UTTAR PRADESH,FAIZABAD,0.8708909710970449,0.9999652246487689,0.3085375598621153
UTTAR PRADESH,FARRUKHABAD,0.8712555331266506,0.9999586759783462,0.30794504598759426
UTTAR PRADESH,FATEHPUR,0.8492039093868756,0.9999795605518651,0.3003109520247148
UTTAR PRADESH,FIROZABAD,0.8512828130485944,0.9999637234274106,0.30447757708997386
UTTAR PRADESH,GAUTAM BUDDHA NAGAR,0.823410668553521,0.9759501591533586,0.2924267269572465
UTTAR PRADESH,GAUTAM BUDDHA NAGAR *,0.06666666666666667,0.6666666666666666,0.21081851067789195
UTTAR PRADESH,GHAZIABAD,0.8480419885529198,0.9999809021809709,0.3006227985987303
UTTAR PRADESH,GHAZIPUR,0.8703355768711356,0.9999832324485656,0.3083832742252304
UTTAR PRADESH,GONDA,0.8539408211156978,0.9999845526445873,0.3033950526881793
UTTAR PRADESH,GORAKHPUR,0.8460762911575648,0.9991326479830511,0.299195621954478
UTTAR PRADESH,HAMIRPUR,0.8746787026883382,0.9999432302015328,0.309132233351756
UTTAR PRADESH,HAPUR,0.8385577399553835,0.9999328002150393,0.30139365905347576
UTTAR PRADESH,HARDOI,0.832360629577594,0.9999851768402953,0.30203112425453493
UTTAR PRADESH,HATHRAS,0.8577669909982237,0.9999645201348235,0.3034661222760594
UTTAR PRADESH,JALAUN,0.8635807743207158,0.9999636957705572,0.3052283837863712
UTTAR PRADESH,JAUNPUR,0.8626421129280043,0.9999452864255621,0.30487449620145135
UTTAR PRADESH,JHANSI,0.870768992705092,0.9999700383509108,0.30816271326017075
UTTAR PRADESH,JYOTIBA PHULE NAGAR,0.3517516299368091,0.9483282674772037,0.45539014327160127
UTTAR PRADESH,JYOTIBA PHULE NAGAR *,0.05,0.5,0.15811388300841897
UTTAR PRADESH,KANNAUJ,0.8604909861220917,0.9999578770008425,0.30542477253150735
UTTAR PRADESH,KANPUR DEHAT,0.8521256863309941,0.9999708122938619,0.3026067259561251
UTTAR PRADESH,KANPUR NAGAR,0.8376692103043224,0.9962403986256768,0.29619561183564586
UTTAR PRADESH,KASGANJ,0.8578265185660667,0.9999428179322964,0.30650258484478377
UTTAR PRADESH,KAUSHAMBI,0.8641344638203797,0.9999709057053912,0.30570111094047464
UTTAR PRADESH,KHERI,0.8337862111710989,0.9999890488966764,0.29555360808018544
UTTAR PRADESH,KUSHI NAGAR,0.0,0.0,0.0
UTTAR PRADESH,KUSHINAGAR,0.8719707639481253,0.9999860892790073,0.3081262521345857
UTTAR PRADESH,KUSHINAGAR *,0.47557980271095024,0.9666666666666667,0.5014110245813551
UTTAR PRADESH,LALITPUR,0.8683683891295553,0.9999567997235183,0.3070343610806247
UTTAR PRADESH,LUCKNOW,0.8467343260428946,0.9977224221960309,0.30073105240467424
UTTAR PRADESH,MAHARAJGANJ,0.8152449415070422,0.9941376310229109,0.2915082378384724
UTTAR PRADESH,MAHOBA,0.8738915166070631,0.9999200639488409,0.30901685582094734
UTTAR PRADESH,MAHOBA *,0.05,0.5,0.15811388300841897
UTTAR PRADESH,MAHRAJGANJ,0.2851785714285714,0.9375,0.3807494137299249
UTTAR PRADESH,MAINPURI,0.8250664850605371,0.9999659481731195,0.29474626373756146
UTTAR PRADESH,MATHURA,0.8557307646108123,0.9999333288885925,0.3038719164903054
UTTAR PRADESH,MAU,0.8709563948718545,0.9999709251613653,0.3087613308188763
UTTAR PRADESH,MEERUT,0.8350225255705798,0.9999849955736942,0.29655820398726357
UTTAR PRADESH,MIRZAPUR,0.87206381537121,0.9999712717975237,0.3087367059703479
UTTAR PRADESH,MORADABAD,0.8391491587924781,0.9999787179705457,0.29664792727564726
UTTAR PRADESH,MUZAFFARNAGAR,0.8659901558796645,0.9999800769031538,0.30608757713802376
UTTAR PRADESH,PILIBHIT,0.8483167072040698,0.9999800880109914,0.30014382383699406
UTTAR PRADESH,PRATAPGARH,0.8684095805525001,0.9999788967205504,0.30811086109733427
UTTAR PRADESH,PRAYAGRAJ,0.8496251762031861,0.999906129728715,0.30377101514817545
UTTAR PRADESH,RAE BARELI,0.8705057797640476,0.9999799027292093,0.30833977608928975
UTTAR PRADESH,RAEBARELI,0.3097619047619048,0.8333333333333334,0.40105751176107507
UTTAR PRADESH,RAMPUR,0.8357456853247582,0.9999748452985863,0.2966264426904886
UTTAR PRADESH,SAHARANPUR,0.8519950733219549,0.9999719321881666,0.30096328566699343
UTTAR PRADESH,SAMBHAL,0.8676811039938572,0.9999761410540883,0.3070006276019214
UTTAR PRADESH,SANT KABIR NAGAR,0.8720256387105152,0.9999747347145023,0.3087347760240064
UTTAR PRADESH,SANT RAVIDAS NAGAR,0.8742781695728443,0.9999499048191564,0.30907136264119744
UTTAR PRADESH,SANT RAVIDAS NAGAR BHADOHI,0.3225656491124117,0.9020979020979021,0.42078636341885417
UTTAR PRADESH,SHAHJAHANPUR,0.8267508893006879,0.9999789973326613,0.2952072614930414
UTTAR PRADESH,SHAMLI,0.8620325481186539,0.9999617429894028,0.3064051858822535
UTTAR PRADESH,SHRAVASTI,0.0,0.0,0.0
UTTAR PRADESH,SHRAWASTI,0.8571110900269014,0.9999683564331372,0.3038509837020454
UTTAR PRADESH,SIDDHARTH NAGAR,0.0,0.0,0.0
UTTAR PRADESH,SIDDHARTHNAGAR,0.8368547681868547,0.9999713844216792,0.2996762503881841
UTTAR PRADESH,SITAPUR,0.8326207102207073,0.9999891411755764,0.2963449736232626
UTTAR PRADESH,SONBHADRA,0.8775374376809447,0.9999763330414408,0.30984104884416463
UTTAR PRADESH,SULTANPUR,0.8466911013203606,0.9999669705377197,0.2992665601523681
UTTAR PRADESH,UNNAO,0.8320932685253318,0.9961754780652419,0.29421523125809174
UTTAR PRADESH,VARANASI,0.8355541020052843,0.9999841320215804,0.29806256938173376
UTTARAKHAND,ALMORA,0.876621657088003,0.9998626750892612,0.3097650593219136
UTTARAKHAND,BAGESHWAR,0.8736898240411126,0.9997944078947368,0.30937265174090267
UTTARAKHAND,CHAMOLI,0.8745035089162492,0.999874843554443,0.30933802199325255
UTTARAKHAND,CHAMPAWAT,0.8784007866183128,0.9998227892964735,0.3103688224978025
UTTARAKHAND,DEHRADUN,0.859975935440831,0.9937400530503979,0.303282573780279
UTTARAKHAND,GARHWAL,0.3633459344677191,0.9831081081081081,0.47101708178105617
UTTARAKHAND,HARDWAR,0.3670567962844221,0.9803921568627451,0.47467934168037174
UTTARAKHAND,HARIDWAR,0.872277026284795,0.9999220576773188,0.30829609645249906
UTTARAKHAND,NAINITAL,0.8685825672320758,0.9999363016752659,0.3075132145447685
UTTARAKHAND,PAURI GARHWAL,0.8789828031377169,0.9998695878977569,0.3103212089326472
UTTARAKHAND,PITHORAGARH,0.8764677873415883,0.9998592342342343,0.309824964672248
UTTARAKHAND,RUDRAPRAYAG,0.8717629316758876,0.9998157361341441,0.309248290452248
UTTARAKHAND,TEHRI GARHWAL,0.8747308671812153,0.9999121033664411,0.3093134080967683
UTTARAKHAND,UDHAM SINGH NAGAR,0.8766606279998861,0.9999717729415417,0.3100810829048693
UTTARAKHAND,UTTARKASHI,0.8723338598773157,0.9997796871557612,0.3088377770772313
UTTARANCHAL,ALMORA,0.05,0.5,0.15811388300841897
UTTARANCHAL,GARHWAL,0.05,0.5,0.15811388300841897
UTTARANCHAL,TEHRI GARHWAL,0.06666666666666667,0.6666666666666666,0.21081851067789195
UTTARANCHAL,UDHAM SINGH NAGAR *,0.075,0.75,0.23717082451262847
WEST  BENGAL,HOOGHLY,0.3589525020063576,0.9642857142857143,0.4660301878630052
WEST BANGAL,HOOGHLY,0.36814496575134875,0.9574468085106383,0.47567870333585616
WEST BANGAL,HOWRAH,0.3548319327731092,0.9642857142857143,0.4602386247058053
WEST BANGAL,SOUTH 24 PARGANAS,0.2375,0.875,0.3859262147222919
WEST BENGAL,24 PARAGANAS NORTH,0.0,0.0,0.0
WEST BENGAL,24 PARAGANAS SOUTH,0.0,0.0,0.0
WEST BENGAL,ALIPURDUAR,0.7377889313528228,0.9996822370511599,0.3105156544350796
WEST BENGAL,BALLY JAGACHHA,0.2333333333333333,0.6666666666666666,0.3063121944908938
WEST BENGAL,BANKURA,0.8747479534859108,0.9999689681923972,0.3090321084070014
WEST BENGAL,BARDDHAMAN,0.8728312277087067,0.9999743622612486,0.3088170506360185
WEST BENGAL,BARDHAMAN,0.8772951830702006,0.9995183044315993,0.30972963813102034
WEST BENGAL,BIRBHUM,0.8603756658008643,0.9999723741643185,0.3046416944926105
WEST BENGAL,BURDWAN,0.10500000000000001,0.8,0.25652593544426566
WEST BENGAL,COOCH BEHAR,0.843055425070317,0.9999521874252929,0.30355190938978094
WEST BENGAL,COOCHBEHAR,0.0,0.0,0.0
WEST BENGAL,DAKSHIN DINAJPUR,0.867513082486093,0.9999417385224889,0.3071485748332881
WEST BENGAL,DARJEELING,0.8149386465185622,0.9999350902245878,0.2916401226816731
WEST BENGAL,DARJILING,0.8653331842271218,0.9974358974358974,0.3080416762324495
WEST BENGAL,DINAJPUR DAKSHIN,0.0,0.0,0.0
WEST BENGAL,DINAJPUR UTTAR,0.0,0.0,0.0
WEST BENGAL,DOMJUR,0.175,0.75,0.2898754521821014
WEST BENGAL,EAST MIDNAPORE,0.8770474915625925,0.999761620977354,0.30993805583590284
WEST BENGAL,EAST MIDNAPUR,0.3464646464646465,0.9090909090909091,0.44860945074482916
WEST BENGAL,HAORA,0.8773116528173215,0.9997994384275972,0.3100113989268456
WEST BENGAL,HAWRAH,0.3200854700854701,0.9444444444444444,0.42997980280799447
WEST BENGAL,HOOGHIY,0.33458333333333334,0.9375,0.4417367606852986
WEST BENGAL,HOOGHLY,0.8702900627284537,0.9999799220977392,0.30819538010695824
WEST BENGAL,HOWRAH,0.8626958729536434,0.9999711016067506,0.3068337598309827
WEST BENGAL,HUGLI,0.354327623072754,0.929553264604811,0.45834776235589336
WEST BENGAL,JALPAIGURI,0.8635774067555311,0.9999661498882947,0.3043014170138219
WEST BENGAL,JHARGRAM,0.8380693049088919,0.9996009577015164,0.30117589611973394
WEST BENGAL,KALIMPONG,0.7272018858899445,0.9975,0.3589160045564844
WEST BENGAL,KOCH BIHAR,0.8834450990465665,0.9995145631067961,0.3111969474645413
WEST BENGAL,KOLKATA,0.8550709602096799,0.9999678735502939,0.30214412345863234
WEST BENGAL,MALDA,0.8620066046682595,0.9999765170016908,0.3058068967776112
WEST BENGAL,MALDAH,0.8769825544583731,0.9995766299745978,0.3096860276456119
WEST BENGAL,MEDINIPUR,0.3456725329981144,0.9418604651162791,0.44878816699758245
WEST BENGAL,MEDINIPUR WEST,0.0,0.0,0.0
WEST BENGAL,MURSHIDABAD,0.8584930909974909,0.9999867456625181,0.30707784801286014
WEST BENGAL,NADIA,0.8561234731871062,0.9999787699297285,0.3021482721596898
WEST BENGAL,NAIHATI ANANDABAZAR,0.06666666666666667,0.6666666666666666,0.21081851067789195
WEST BENGAL,NORTH 24 PARGANAS,0.8626066138117077,0.9999886811246435,0.3060995591982681
WEST BENGAL,NORTH DINAJPUR,0.6744342060002018,0.9947916666666666,0.4659452387613443
WEST BENGAL,NORTH TWENTY FOUR PARGANAS,0.8749366900389509,0.9995022399203584,0.3094889102758467
WEST BENGAL,PASCHIM BARDHAMAN,0.8680891713690556,0.9998297872340426,0.30792622723838514
WEST BENGAL,PASCHIM MEDINIPUR,0.8726108672287533,0.9999766943227371,0.3087099157351273
WEST BENGAL,PURBA BARDHAMAN,0.8382496846174143,0.9999056336699066,0.30381476430260473
WEST BENGAL,PURBA MEDINIPUR,0.858934536224474,0.9999739372931272,0.3069800219563861
WEST BENGAL,PURULIA,0.8668235497794484,0.9982046678635548,0.30746326679682795
WEST BENGAL,PURULIYA,0.8694914485603358,0.9999652994656117,0.30822541423742505
WEST BENGAL,SOUTH  TWENTY FOUR PARGANAS,0.14166666666666666,0.75,0.29930474993446615
WEST BENGAL,SOUTH 24 PARGANA,0.26606060606060605,0.9333333333333333,0.42935305580124233
WEST BENGAL,SOUTH 24 PARGANAS,0.8633631548855865,0.9999890920197216,0.3072574424693339
WEST BENGAL,SOUTH DINAJPUR,0.8757359481049962,0.9970760233918129,0.30882904714916004
WEST BENGAL,SOUTH DUMDUM(M),0.2841666666666667,0.875,0.3789697290754969
WEST BENGAL,SOUTH TWENTY FOUR PARGANAS,0.8719515407551223,0.9998133631952221,0.308647304074236
WEST BENGAL,UTTAR DINAJPUR,0.8414157496442638,0.999983573434959,0.29980321266192045
WEST BENGAL,WEST MEDINIPUR,0.27749999999999997,0.875,0.37924653208535136
WEST BENGAL,WEST MIDNAPORE,0.8784516981840576,0.9996380745566413,0.31003406088524377
WEST BENGLI,HOOGHLY,0.11666666666666665,0.6666666666666666,0.24907235301622102
WESTBENGAL,HOOGHLY,0.3682345819683806,0.9714285714285714,0.47637658112500225
WESTBENGAL,HOWRAH,0.25416666666666665,0.875,0.3438446839296293
