state,district,mean_stress_index,max_stress_index,stress_volatility,active_months
ANDAMAN & NICOBAR ISLANDS,ANDAMANS,106.58363095238096,259.0,97.41609807884389,10
ANDAMAN & NICOBAR ISLANDS,NICOBARS,0.55,4.0,1.2572014777097407,10
ANDAMAN & NICOBAR ISLANDS,SOUTH ANDAMAN,6.728472222222223,21.666666666666668,9.163387022031483,10
ANDAMAN AND NICOBAR ISLANDS,NICOBAR,149.5324488011988,671.0,207.0288781018975,10
ANDAMAN AND NICOBAR ISLANDS,NORTH AND MIDDLE ANDAMAN,501.6771618625277,1437.0,563.3519268224153,10
ANDAMAN AND NICOBAR ISLANDS,SOUTH ANDAMAN,674.5678323532803,1922.0,725.6665970421459,10
ANDHRA PRADESH,ADILABAD,2952.720897521188,9603.0,3523.1624483295523,10
ANDHRA PRADESH,ALLURI SITHARAMA RAJU,1600.8681724335918,6948.0,2209.3799733754036,10
ANDHRA PRADESH,ANAKAPALLI,835.3407425012663,3616.0,1143.6946255337127,10
ANDHRA PRADESH,ANANTAPUR,7389.462129176049,29828.0,9676.180509785392,10
ANDHRA PRADESH,ANANTHAPUR,7003.307833061168,23267.0,8711.226710341984,10
ANDHRA PRADESH,ANANTHAPURAMU,11335.803114632143,26913.0,12617.622467173596,10
ANDHRA PRADESH,ANNAMAYYA,2609.908647700486,7081.0,2965.170088625938,10
ANDHRA PRADESH,BAPATLA,882.492952576786,2465.0,1080.4537872808276,10
ANDHRA PRADESH,CHITTOOR,24137.259490707605,70555.0,27316.074949521684,10
ANDHRA PRADESH,CUDDAPAH,13320.370364789598,35568.0,14790.686882999915,10
ANDHRA PRADESH,DR. B. R. AMBEDKAR KONASEEMA,788.7795652497443,2673.0,981.9753971500431,10
ANDHRA PRADESH,EAST GODAVARI,25389.000085543033,70809.0,28610.88832974735,10
ANDHRA PRADESH,ELURU,1001.9878334555011,3298.0,1335.413892767307,10
ANDHRA PRADESH,GUNTUR,27591.923147115984,74621.0,30762.422492789075,10
ANDHRA PRADESH,HYDERABAD,6821.741062990535,18746.0,7538.933696910964,10
ANDHRA PRADESH,K.V. RANGAREDDY,17.62638888888889,56.0,19.63633538719156,10
ANDHRA PRADESH,K.V.RANGAREDDY,10.477361111111112,34.333333333333336,12.456834179898753,10
ANDHRA PRADESH,KAKINADA,2011.7281970466888,5906.0,2473.0806009341545,10
ANDHRA PRADESH,KARIM NAGAR,67.18014827201783,156.0,54.9508101631935,10
ANDHRA PRADESH,KARIMNAGAR,829.3492938298211,2278.0,943.8338785475983,10
ANDHRA PRADESH,KHAMMAM,2755.9673889721807,9318.0,3299.226311705693,10
ANDHRA PRADESH,KRISHNA,18916.971650463416,50245.0,20950.079997962766,10
ANDHRA PRADESH,KURNOOL,33036.14177422986,80342.0,36013.22502373132,10
ANDHRA PRADESH,MAHABUB NAGAR,175.2606790617936,524.0,212.1857422772086,10
ANDHRA PRADESH,MAHABUBNAGAR,9.2,38.0,13.656398581698697,10
ANDHRA PRADESH,MAHBUBNAGAR,757.2127095756008,2690.0,915.3867659626188,10
ANDHRA PRADESH,MEDAK,1130.234440135346,3511.0,1295.6987974048739,10
ANDHRA PRADESH,N. T. R,2790.378291308172,8831.0,3403.5025155386006,10
ANDHRA PRADESH,NALGONDA,1573.8381888326824,4279.0,1820.8206370780263,10
ANDHRA PRADESH,NANDYAL,2318.3671766169145,7118.0,2878.6986425517584,10
ANDHRA PRADESH,NELLORE,11980.375384370729,28412.0,13091.42134920981,10
ANDHRA PRADESH,NIZAMABAD,561.3368091434886,1439.0,593.1021432136395,10
ANDHRA PRADESH,PALNADU,2097.335050240431,8071.0,2873.1682688002047,10
ANDHRA PRADESH,PARVATHIPURAM MANYAM,1055.2482035716262,2714.0,1154.5380539528812,10
ANDHRA PRADESH,PRAKASAM,15951.546190660505,49319.0,20877.61767455396,10
ANDHRA PRADESH,RANGAREDDI,3463.7758982435453,9773.0,3861.9695652179107,10
ANDHRA PRADESH,SPSR NELLORE,0.0,0.0,0.0,10
ANDHRA PRADESH,SRI POTTI SRIRAMULU NELLORE,1397.0018706847873,5539.0,1896.639956799274,10
ANDHRA PRADESH,SRI SATHYA SAI,1536.9003433326152,4253.0,1794.1122801312642,10
ANDHRA PRADESH,SRIKAKULAM,20145.921142427607,72943.0,24978.357646460772,10
ANDHRA PRADESH,TIRUPATI,2337.442487578518,7429.0,2929.3396033444087,10
ANDHRA PRADESH,VISAKHAPATANAM,0.0,0.0,0.0,10
ANDHRA PRADESH,VISAKHAPATNAM,28494.13636248419,77199.0,32345.703477134757,10
ANDHRA PRADESH,VIZIANAGARAM,13589.56044343283,40904.0,15588.514463031655,10
ANDHRA PRADESH,WARANGAL,3454.2842534301853,12144.0,4169.816550441196,10
ANDHRA PRADESH,WEST GODAVARI,19580.008568840884,55198.0,21804.53951914273,10
ANDHRA PRADESH,Y. S. R,2042.068518214158,5804.0,2287.7135202003383,10
ARUNACHAL PRADESH,ANJAW,106.30681818181817,368.0,110.54112521530587,10
ARUNACHAL PRADESH,CHANGLANG,509.53506164302337,2015.0,649.5368839006859,10
ARUNACHAL PRADESH,DIBANG VALLEY,38.47,120.5,34.49135318372482,10
ARUNACHAL PRADESH,EAST KAMENG,235.15682273040971,534.0,235.50765075224908,10
ARUNACHAL PRADESH,EAST SIANG,172.90482321959604,435.0,165.03510597137165,10
ARUNACHAL PRADESH,KAMLE,12.802380952380952,66.0,20.32957863428851,10
ARUNACHAL PRADESH,KRA DAADI,107.97419071976617,328.0,116.36572049145694,10
ARUNACHAL PRADESH,KURUNG KUMEY,251.74355193539404,629.0,262.73623320730906,10
ARUNACHAL PRADESH,LEPARADA,3.8,17.0,6.129165250396392,10
ARUNACHAL PRADESH,LOHIT,249.66394557823128,728.0,264.5912633635322,10
ARUNACHAL PRADESH,LONGDING,164.06928668885297,592.0,217.0681321564377,10
ARUNACHAL PRADESH,LOWER DIBANG VALLEY,145.8957288401254,482.0,158.00715352932792,10
ARUNACHAL PRADESH,LOWER SIANG,24.75846153846154,126.0,38.70346820401327,10
ARUNACHAL PRADESH,LOWER SUBANSIRI,208.3481350991171,530.0,217.9624770297095,10
ARUNACHAL PRADESH,NAMSAI,435.3785473117508,1090.0,446.9960598915586,10
ARUNACHAL PRADESH,PAKKE KESSANG,8.55,23.5,9.575576570978201,10
ARUNACHAL PRADESH,PAPUM PARE,718.054184666529,2536.0,860.2906932657837,10
ARUNACHAL PRADESH,SHI-YOMI,25.59280303030303,48.0,16.697050974040938,10
ARUNACHAL PRADESH,SIANG,105.3443076923077,301.0,96.45208991416409,10
ARUNACHAL PRADESH,TAWANG,124.94267750040915,342.0,126.47307787840289,10
ARUNACHAL PRADESH,TIRAP,113.71717171717171,355.0,116.66455695033017,10
ARUNACHAL PRADESH,UPPER SIANG,104.9425,221.0,73.34222299338295,10
ARUNACHAL PRADESH,UPPER SUBANSIRI,343.1436564757482,1235.0,406.18434796201933,10
ARUNACHAL PRADESH,WEST KAMENG,329.4068176824457,967.0,405.1764596142514,10
ARUNACHAL PRADESH,WEST SIANG,350.17934731934736,1653.0,502.6089985915243,10
ASSAM,BAJALI,11.643333333333334,60.833333333333336,19.375764739985343,10
ASSAM,BAKSA,26.646300687563336,171.66666666666666,51.59508646217886,10
ASSAM,BARPETA,47.68032813286365,301.536231884058,91.48027500315568,10
ASSAM,BISWANATH,633.0402752238658,3800.0,1180.4198678599162,10
ASSAM,BONGAIGAON,34.63489441561932,150.67777777777778,42.308302948528414,10
ASSAM,CACHAR,2167.170671289817,15421.0,5046.531379988592,10
ASSAM,CHARAIDEO,517.4476124263657,2715.0,920.0310937471996,10
ASSAM,CHIRANG,579.4147938875424,3708.0,1251.8880344957886,10
ASSAM,DARRANG,815.3421930516604,8085.0,2554.3040720718823,10
ASSAM,DHEMAJI,15.561340511482019,104.29069767441861,31.44422758746874,10
ASSAM,DHUBRI,406.10789892793287,3937.0,1240.7056992921002,10
ASSAM,DIBRUGARH,32.60092012949836,260.5135135135135,80.22448818146664,10
ASSAM,DIMA HASAO,5.363571428571428,36.25,11.297008839961077,10
ASSAM,GOALPARA,875.1873277649563,8678.0,2741.639488476399,10
ASSAM,GOLAGHAT,1045.325807234866,10411.0,3290.766456619089,10
ASSAM,HAILAKANDI,702.7495038873908,3043.0,1227.221934494573,10
ASSAM,HOJAI,221.59646972614837,2081.0,653.6860365580519,10
ASSAM,JORHAT,707.0738309678179,6989.0,2207.256854170796,10
ASSAM,KAMRUP,26.13082001347841,198.72340425531914,60.853368513366526,10
ASSAM,KAMRUP METRO,943.7233289752887,9360.0,2957.184584019274,10
ASSAM,KARBI ANGLONG,1472.2804693442206,9898.0,3123.1523204475156,10
ASSAM,KARIMGANJ,780.5173092124434,7763.0,2453.398241907199,10
ASSAM,KOKRAJHAR,10.930458048536886,25.18807339449541,7.975829634670484,10
ASSAM,LAKHIMPUR,18.698249666582694,129.07843137254903,39.044522820602076,10
ASSAM,MAJULI,228.8130209664811,1068.0,352.27613950225725,10
ASSAM,MARIGAON,8.236738450402754,22.809872029250457,7.157836921249023,10
ASSAM,NAGAON,883.1352172342522,8227.0,2584.1426195124955,10
ASSAM,NALBARI,992.196772680787,7530.0,2349.572418641065,10
ASSAM,NORTH CACHAR HILLS,166.18686334352734,905.0,298.19013841588946,10
ASSAM,SIBSAGAR,551.5234624297078,2717.0,988.7968919819581,10
ASSAM,SIVASAGAR,0.0,0.0,0.0,10
ASSAM,SONITPUR,22.702128049057254,165.6829268292683,50.379663258116814,10
ASSAM,SOUTH SALMARA MANKACHAR,1022.6885637216919,5813.0,2040.3315152115858,10
ASSAM,SRIBHUMI,14.55819356034948,77.96774193548387,24.795183370152884,10
ASSAM,TAMULPUR DISTRICT,9.880357142857143,48.0,15.597755272137027,10
ASSAM,TINSUKIA,220.07025791082324,2128.0,670.4306244103792,10
ASSAM,UDALGURI,327.567377742408,1660.0,655.5354681072133,10
ASSAM,WEST KARBI ANGLONG,69.09784468340577,651.0,204.5517109781426,10
BALANAGAR,IDPL COLONY,0.2,2.0,0.6324555320336759,10
BIHAR,ARARIA,10991.918065448033,62514.0,20819.202676737772,10
BIHAR,ARWAL,1938.8553830266242,11251.0,3706.899813504411,10
BIHAR,AURANGABAD,8808.313429800193,40309.0,12607.055223873353,10
BIHAR,AURANGABAD(BH),3.287218144174666,12.173913043478262,4.519999177877334,10
BIHAR,BANKA,7206.221721846506,40249.0,13401.437463546969,10
BIHAR,BEGUSARAI,11419.673646053005,57467.0,18747.49043343248,10
BIHAR,BHABUA,1.9143398268398268,6.571428571428571,2.6307602513686335,10
BIHAR,BHAGALPUR,105.79274309582998,938.8888888888889,292.8919693235578,10
BIHAR,BHOJPUR,8389.812108828679,49285.0,15399.820934717436,10
BIHAR,BUXAR,5719.174762673665,28213.0,8701.933486410964,10
BIHAR,DARBHANGA,14973.201491858887,62138.0,21669.960615600943,10
BIHAR,EAST CHAMPARAN,13134.466722268713,85114.0,27065.383973519205,10
BIHAR,GAYA,9356.403904302348,93479.0,29557.667727830023,10
BIHAR,GOPALGANJ,5496.454176737633,38892.0,12764.458208119504,10
BIHAR,JAMUI,3814.9644884314584,29344.0,9378.596835001437,10
BIHAR,JEHANABAD,2390.292172028543,16294.0,5128.47985827388,10
BIHAR,KAIMUR (BHABUA),2364.0775657455115,23504.0,7427.816374869359,10
BIHAR,KATIHAR,14224.17305899132,69561.0,25049.16678034475,10
BIHAR,KHAGARIA,6654.730901011024,27163.0,8873.769158632247,10
BIHAR,KISHANGANJ,11201.782903236348,43121.0,14324.597362625871,10
BIHAR,LAKHISARAI,2977.653589239357,16382.0,5490.486151321239,10
BIHAR,MADHEPURA,9574.658237991142,36749.0,12337.556549604147,10
BIHAR,MADHUBANI,38.02960574400913,250.10574018126889,75.38934882911325,10
BIHAR,MONGHYR,3.442114845938376,16.714285714285715,5.459547860367712,10
BIHAR,MUNGER,2773.7936984031007,22159.0,7025.275387028739,10
BIHAR,MUZAFFARPUR,115.23637814892213,1054.48,330.0751999337923,10
BIHAR,NALANDA,7376.368511765257,41954.0,13884.266572449842,10
BIHAR,NAWADA,6550.273990774077,34214.0,10929.633601400637,10
BIHAR,PASHCHIM CHAMPARAN,11.161747115113988,41.0,13.918698116974227,10
BIHAR,PATNA,110.6213662553525,948.9876543209876,294.8948493931478,10
BIHAR,PURBA CHAMPARAN,3.9830743235732227,16.636363636363637,5.789147025643004,10
BIHAR,PURBI CHAMPARAN,0.0,0.0,0.0,10
BIHAR,PURNEA,308.67024386252046,776.0,318.2580637556792,10
BIHAR,PURNIA,8329.47901986761,59357.0,19425.041284770796,10
BIHAR,ROHTAS,9233.843313392184,38555.0,12321.523140665393,10
BIHAR,SAHARSA,5857.468662256532,39013.0,13158.307225175302,10
BIHAR,SAMASTIPUR,16166.277941269214,81918.0,26691.930926530706,10
BIHAR,SAMSTIPUR,3.955596638655462,22.0,6.916195992390254,10
BIHAR,SARAN,8240.675005769574,65640.0,20834.3981384723,10
BIHAR,SHEIKHPURA,2945.4164561224393,10885.0,3638.1387857095374,10
BIHAR,SHEIKPURA,3.9727272727272727,12.166666666666666,5.298788828080177,10
BIHAR,SHEOHAR,2955.1951802387966,13626.0,4268.1048461904065,10
BIHAR,SITAMARHI,11.682944444872266,51.07784431137725,14.775974412882487,10
BIHAR,SIWAN,6329.651437751896,46511.0,15056.755581907646,10
BIHAR,SUPAUL,10463.836232233363,49523.0,15582.768775954635,10
BIHAR,VAISHALI,12540.880583258246,68548.0,21623.00398568145,10
BIHAR,WEST CHAMPARAN,10988.105202687711,72150.0,22887.8600600586,10
CHANDIGARH,CHANDIGARH,9263.891131114262,44127.0,14463.271332457523,10
CHANDIGARH,MOHALI,1.1,5.0,1.728840330651992,10
CHANDIGARH,RUPNAGAR,2.3,10.0,3.4334951418181574,10
CHHATISGARH,RAIPUR,0.9,4.0,1.3703203194062978,10
CHHATTISGARH,BALOD,7737.942242842708,22202.0,8865.30865753455,10
CHHATTISGARH,BALODA BAZAR,10846.276314539518,36253.0,14470.597307899669,10
CHHATTISGARH,BALRAMPUR,4449.268749253345,27496.0,8538.081806367665,10
CHHATTISGARH,BASTAR,7855.9220101757,19427.0,8678.26758295328,10
CHHATTISGARH,BEMETARA,9034.427784487212,27815.0,10299.451398892463,10
CHHATTISGARH,BIJAPUR,8.479252054334777,42.68944099378882,12.220666566044533,10
CHHATTISGARH,BILASPUR,13697.062055834967,55526.0,19705.6301728801,10
CHHATTISGARH,DAKSHIN BASTAR DANTEWADA,1703.5887009348444,6255.0,2137.138216070624,10
CHHATTISGARH,DANTEWADA,1173.5609091119957,5961.0,1875.6277179922104,10
CHHATTISGARH,DHAMTARI,7118.263008025303,17187.0,7674.724987699666,10
CHHATTISGARH,DURG,7814.835647805148,33693.0,12981.578138800784,10
CHHATTISGARH,GARIYABAND,3082.153243308593,7349.0,3290.5497957126704,10
CHHATTISGARH,GAURELA-PENDRA-MARWAHI,260.8014169360052,968.0,311.40373428114765,10
CHHATTISGARH,GAURELLA PENDRA MARWAHI,0.0,0.0,0.0,10
CHHATTISGARH,JANJGIR - CHAMPA,5.387777777777778,19.666666666666668,7.933282238656917,10
CHHATTISGARH,JANJGIR CHAMPA,6.927965367965368,36.6,11.795856127151414,10
CHHATTISGARH,JANJGIR-CHAMPA,15477.648869752036,44982.0,17563.44784319601,10
CHHATTISGARH,JASHPUR,7095.815860521596,23955.0,8533.807696385516,10
CHHATTISGARH,KABEERDHAM,3136.9531288336984,9662.0,3696.666106515976,10
CHHATTISGARH,KANKER,3356.860582985092,10849.0,3952.9136202965483,10
CHHATTISGARH,KAWARDHA,6444.582166252123,22857.0,9000.569608364158,10
CHHATTISGARH,KHAIRAGARH CHHUIKHADAN GANDAI,249.19828791777863,1962.0,617.5392007510566,10
CHHATTISGARH,KONDAGAON,6620.877283175988,45556.0,13954.027181104324,10
CHHATTISGARH,KORBA,11115.517697410893,32167.0,12735.566685155498,10
CHHATTISGARH,KORIYA,4442.725074424134,14939.0,5227.869231805027,10
CHHATTISGARH,MAHASAMUND,15569.027838476788,89053.0,27270.809368557926,10
CHHATTISGARH,MANENDRAGARHCHIRMIRIBHARATPUR,31.2,133.0,53.57818793335794,10
CHHATTISGARH,MANENDRAGARH–CHIRMIRI–BHARATPUR,8.274681160003391,47.13461538461539,14.833943672809475,10
CHHATTISGARH,MOHALLA-MANPUR-AMBAGARH CHOWKI,12.908333333333335,68.0,22.248194891404694,10
CHHATTISGARH,MOHLA-MANPUR-AMBAGARH CHOUKI,1057.2866562315048,3953.0,1513.249825080581,10
CHHATTISGARH,MUNGELI,7918.079797037902,26758.0,9619.64945929579,10
CHHATTISGARH,NARAYANPUR,2551.2539309613153,13170.0,4061.1664922962814,10
CHHATTISGARH,RAIGARH,8789.472604630659,31189.0,11900.779352636726,10
CHHATTISGARH,RAIPUR,12622.717032781995,51223.0,20563.938355214683,10
CHHATTISGARH,RAJNANDGAON,18237.68797230794,87828.0,27572.124144284833,10
CHHATTISGARH,SAKTI,393.3231483510391,1110.0,436.4569167233079,10
CHHATTISGARH,SARANGARH-BILAIGARH,17.783968946430246,56.88157894736842,24.04552209837442,10
CHHATTISGARH,SUKMA,719.8480175011564,3969.0,1501.6727810024374,10
CHHATTISGARH,SURAJPUR,4628.722602406514,13289.0,5177.73581463363,10
CHHATTISGARH,SURGUJA,9677.914981223135,30268.0,11186.710388690237,10
CHHATTISGARH,UTTAR BASTAR KANKER,1734.9140837169707,5510.0,1986.6548217742939,10
DADRA & NAGAR HAVELI,DADRA & NAGAR HAVELI,35.54611111111111,139.0,51.61015295327152,10
DADRA AND NAGAR HAVELI,DADRA AND NAGAR HAVELI,1824.621236929701,4404.0,1936.7726714398925,10
DADRA AND NAGAR HAVELI AND DAMAN AND DIU,DADRA AND NAGAR HAVELI,171.56,386.0,164.6048851711948,10
DADRA AND NAGAR HAVELI AND DAMAN AND DIU,DAMAN,111.36386363636363,679.0,203.06545625244644,10
DADRA AND NAGAR HAVELI AND DAMAN AND DIU,DIU,24.3875,191.0,59.27971740682755,10
DAMAN & DIU,DAMAN,119.03333333333333,304.0,86.66200307965295,10
DAMAN & DIU,DIU,60.9202380952381,211.0,66.5474737696117,10
DAMAN AND DIU,DAMAN,276.7870215311005,770.0,278.7998406136432,10
DAMAN AND DIU,DIU,180.8722222222222,399.0,177.43103540559886,10
DARBHANGA,NEAR UNIVERSITY THANA,0.2,2.0,0.6324555320336759,10
DELHI,CENTRAL DELHI,2042.3215965992858,20096.0,6343.633399325578,10
DELHI,EAST DELHI,3157.734901268112,31346.0,9904.367296254028,10
DELHI,NAJAFGARH,67.015,219.0,90.23951204406315,10
DELHI,NEW DELHI,374.32675624360354,2328.0,741.5413543407611,10
DELHI,NORTH DELHI,7092.810592290969,30261.0,11720.936289203382,10
DELHI,NORTH EAST,3854.3348739786334,12486.0,4521.978385981628,10
DELHI,NORTH EAST   *,0.0,0.0,0.0,10
DELHI,NORTH EAST DELHI,13221.399343323958,61181.0,22464.65291163528,10
DELHI,NORTH WEST DELHI,229.63919683333734,1870.5245901639344,578.1999563038552,10
DELHI,SHAHDARA,1053.5705226523046,5776.0,2200.3469547204204,10
DELHI,SOUTH DELHI,6806.537343029979,67605.0,21362.493234045523,10
DELHI,SOUTH EAST DELHI,53.27474637681159,119.0,43.27125598877558,10
DELHI,SOUTH WEST DELHI,5704.913189549736,56737.0,17930.86887913316,10
DELHI,WEST DELHI,39.43840820137069,238.71521035598707,71.09019768743912,10
GOA,BARDEZ,5.5,26.0,8.631338250816034,10
GOA,BICHOLIM,0.4,2.0,0.8432740427115678,10
GOA,NORTH GOA,2223.044759019471,8663.0,3094.074635463937,10
GOA,SOUTH GOA,2320.1840138221337,7891.0,2729.703599705067,10
GOA,TISWADI,0.6,3.0,1.07496769977314,10
GUJARAT,AHMADABAD,494.3801514827548,2835.0,929.8455874891123,10
GUJARAT,AHMEDABAD,18155.085999487896,112812.0,39509.6087244416,10
GUJARAT,AMRELI,3650.22419793606,15675.0,6033.792327515914,10
GUJARAT,ANAND,2679.05424367071,26488.0,8365.687759253678,10
GUJARAT,ARVALLI,1280.9181048752193,4795.0,2067.332802708328,10
GUJARAT,BANAS KANTHA,2.376864676336158,12.785714285714286,4.048999733570383,10
GUJARAT,BANASKANTHA,8977.192853189144,34342.0,14566.543590359839,10
GUJARAT,BHARUCH,5145.889209875114,26646.0,9127.68420241526,10
GUJARAT,BHAVNAGAR,5776.954810545296,34960.0,12476.65559919656,10
GUJARAT,BOTAD,700.434640478649,4830.0,1596.0434812730832,10
GUJARAT,CHHOTAUDEPUR,670.1735221107535,6583.0,2077.582429220114,10
GUJARAT,DAHOD,6332.638213547003,27918.0,10638.85947260048,10
GUJARAT,DANG,0.0,0.0,0.0,10
GUJARAT,DEVBHUMI DWARKA,820.0096218207184,4439.0,1718.14472711869,10
GUJARAT,DOHAD,435.0541311896961,2355.0,907.859006576739,10
GUJARAT,GANDHINAGAR,2455.09202066124,24331.0,7686.435419025862,10
GUJARAT,GIR SOMNATH,1219.1588113420316,7405.0,2630.3513135710086,10
GUJARAT,JAMNAGAR,3512.825498050347,23042.0,7821.810933939994,10
GUJARAT,JUNAGADH,6901.176893859342,22891.0,9232.330950691818,10
GUJARAT,KACHCHH,89.43440825455686,506.96491228070175,158.13885717930248,10
GUJARAT,KHEDA,5460.8859727225845,37223.0,12394.476287527597,10
GUJARAT,MAHESANA,4599.578859505686,27998.0,9948.029033728151,10
GUJARAT,MAHISAGAR,967.0070593296911,5755.0,2063.9836985686406,10
GUJARAT,MORBI,14.680158970988426,89.08333333333333,26.46551607775179,10
GUJARAT,NARMADA,3606.7267707192236,10645.0,4046.9511824676506,10
GUJARAT,NAVSARI,2204.8160453204428,16202.0,5229.225477366115,10
GUJARAT,PANCH MAHALS,4.2542153924506865,15.235294117647058,6.137948314320741,10
GUJARAT,PANCHMAHALS,5105.216169529975,20569.0,8442.177967200396,10
GUJARAT,PATAN,21.14842910727513,79.16230366492147,23.682035808593113,10
GUJARAT,PORBANDAR,1344.5480978585497,8162.0,2895.333692810555,10
GUJARAT,RAJKOT,4463.327285002343,44420.0,14039.378552567572,10
GUJARAT,SABAR KANTHA,3.334155844155844,13.727272727272727,4.823464276952966,10
GUJARAT,SABARKANTHA,5301.64024099416,24037.0,9032.497344755875,10
GUJARAT,SURAT,15365.504570196592,97564.0,33807.42157484744,10
GUJARAT,SURENDRA NAGAR,5635.6664678422,28426.0,9879.300283081611,10
GUJARAT,SURENDRANAGAR,4.3934443777511,19.133333333333333,6.507941287283894,10
GUJARAT,TAPI,2487.101355539576,9864.0,3502.84370219246,10
GUJARAT,THE DANGS,1349.9351880412266,5985.0,2248.0578744812037,10
GUJARAT,VADODARA,90.78953788882816,618.9555555555555,188.40739437510072,10
GUJARAT,VALSAD,3925.497693579777,27009.0,8961.02653875867,10
HARYANA,AKHERA,0.1,1.0,0.31622776601683794,10
HARYANA,AMBALA,5286.696310138499,14285.0,6849.318723371109,10
HARYANA,BHIWANI,7713.958844976873,18444.0,8332.727811305203,10
HARYANA,CHARKHI DADRI,1156.0800987405419,3521.0,1342.7307493583044,10
HARYANA,FARIDABAD,38.470883963862306,251.90728476821192,75.44808141134286,10
HARYANA,FATEHABAD,7056.027306348832,17845.0,7758.94202769521,10
HARYANA,GURGAON,7457.641170677688,30149.0,12703.548744202972,10
HARYANA,GURUGRAM,0.0,0.0,0.0,10
HARYANA,HISAR,9341.524141149019,31943.0,12527.506525575856,10
HARYANA,JHAJJAR,5271.9708775410345,14525.0,5989.984900999739,10
HARYANA,JHAJJAR *,0.0,0.0,0.0,10
HARYANA,JIND,8238.500123987205,18425.0,8786.675455623663,10
HARYANA,KAITHAL,6491.621739503829,19353.0,8875.75654964593,10
HARYANA,KARNAL,8902.839897864771,21944.0,9596.07023144093,10
HARYANA,KURUKSHETRA,5406.298904632441,15045.0,6999.032581972094,10
HARYANA,MAHENDRAGARH,4295.2621779747415,10257.0,4593.318183110577,10
HARYANA,MEWAT,5569.872117822681,23677.0,8221.027875168647,10
HARYANA,NUH,0.0,0.0,0.0,10
HARYANA,PALWAL,7464.808822417135,22428.0,8714.376465224299,10
HARYANA,PANCHKULA,4577.543068360214,11369.0,5007.00912363666,10
HARYANA,PANIPAT,5919.525863611687,25303.0,9971.118198068629,10
HARYANA,REWARI,5495.478796268197,11600.0,5791.004614979124,10
HARYANA,ROHTAK,5309.443826079647,14796.0,6884.509252584726,10
HARYANA,SIRSA,9070.548114428419,21279.0,9641.026766676194,10
HARYANA,SONIPAT,7438.13583652313,24903.0,10138.939235123358,10
HARYANA,YAMUNA NAGAR,8483.880406391954,23245.0,9448.868397261707,10
HARYANA,YAMUNANAGAR,45.49901960784314,104.0,46.361116023495335,10
HIMACHAL PRADESH,BILASPUR,1426.5901110575128,3983.0,1601.4642460336022,10
HIMACHAL PRADESH,CHAMBA,2427.861583803038,10021.0,3219.142434517249,10
HIMACHAL PRADESH,HAMIRPUR,1430.0296942894927,4192.0,1621.8498315940203,10
HIMACHAL PRADESH,KANGRA,5808.830198094149,21365.0,7180.378844778496,10
HIMACHAL PRADESH,KINNAUR,263.09813438195795,849.0,296.95346945357016,10
HIMACHAL PRADESH,KULLU,1172.010528810237,4394.0,1651.1886594775506,10
HIMACHAL PRADESH,LAHAUL AND SPITI,6.2333333333333325,22.0,8.854168300653443,10
HIMACHAL PRADESH,LAHUL & SPITI,18.475892857142856,76.0,27.9988902493324,10
HIMACHAL PRADESH,LAHUL AND SPITI,28.80887445887446,128.0,40.8823915567084,10
HIMACHAL PRADESH,MANDI,4116.3072049255,12815.0,4747.267306638276,10
HIMACHAL PRADESH,SHIMLA,2536.609042487238,8243.0,2969.312591782032,10
HIMACHAL PRADESH,SIRMAUR,3167.0108794065063,10474.0,3770.7046865383427,10
HIMACHAL PRADESH,SOLAN,2164.3577693242773,5916.0,2376.008247680109,10
HIMACHAL PRADESH,UNA,1941.729871533294,5455.0,2166.5995036712966,10
JAIPUR,NEAR MEERA HOSPITAL,0.2,2.0,0.6324555320336759,10
JAMMU & KASHMIR,ANANTNAG,1.1333333333333333,6.0,1.96387120846984,10
JAMMU & KASHMIR,BADGAM,1.1666666666666667,4.0,1.6043921197992945,10
JAMMU & KASHMIR,BANDIPUR,0.1,1.0,0.31622776601683794,10
JAMMU & KASHMIR,BARAMULA,1.424040404040404,4.818181818181818,1.983662071204013,10
JAMMU & KASHMIR,DODA,0.7666666666666666,4.0,1.4744741686696565,10
JAMMU & KASHMIR,JAMMU,3.3962698412698415,19.285714285714285,6.044233014162083,10
JAMMU & KASHMIR,KARGIL,0.7166666666666667,3.0,1.1968322386230275,10
JAMMU & KASHMIR,KATHUA,4.133333333333334,16.0,6.1947807581846925,10
JAMMU & KASHMIR,KUPWARA,0.6900000000000001,6.0,1.8752481317296534,10
JAMMU & KASHMIR,LEH (LADAKH),1.3833333333333333,6.0,2.2416511771459895,10
JAMMU & KASHMIR,PULWAMA,0.13333333333333333,0.5,0.21942686286812776,10
JAMMU & KASHMIR,PUNCH,0.85,4.0,1.3343745934165396,10
JAMMU & KASHMIR,RAJAURI,1.65,7.5,2.5391380864817537,10
JAMMU & KASHMIR,SRINAGAR,1.5,4.5,2.0,10
JAMMU & KASHMIR,UDHAMPUR,0.75,3.0,1.0865337342004415,10
JAMMU AND KASHMIR,?,0.1,1.0,0.31622776601683794,10
JAMMU AND KASHMIR,ANANTNAG,4322.507003982435,14319.0,5065.560696507358,10
JAMMU AND KASHMIR,BADGAM,1308.5308543258545,6283.0,1940.9693111348324,10
JAMMU AND KASHMIR,BANDIPORE,2105.2641454550567,5920.0,2580.913965245566,10
JAMMU AND KASHMIR,BANDIPUR,0.1,1.0,0.31622776601683794,10
JAMMU AND KASHMIR,BARAMULA,4601.037208601239,14449.0,6222.345758132138,10
JAMMU AND KASHMIR,BUDGAM,2796.8094657837855,7791.0,3091.7539821275927,10
JAMMU AND KASHMIR,DODA,1995.1483400856764,7084.0,2713.0376549221146,10
JAMMU AND KASHMIR,GANDERBAL,1095.9030798341357,3133.0,1291.9653233554207,10
JAMMU AND KASHMIR,JAMMU,5810.826958208152,21914.0,8014.32976471254,10
JAMMU AND KASHMIR,KARGIL,168.04878772947282,805.0,254.16809194678228,10
JAMMU AND KASHMIR,KATHUA,3318.3212366613543,9656.0,3716.8355137738267,10
JAMMU AND KASHMIR,KISHTWAR,1747.8986229767015,4437.0,1885.8485656304674,10
JAMMU AND KASHMIR,KULGAM,2461.64233526547,6367.0,2751.060887154527,10
JAMMU AND KASHMIR,KUPWARA,6162.296798782358,17811.0,7003.5732973527265,10
JAMMU AND KASHMIR,LEH,148.72090379477464,721.0,220.4142933561148,10
JAMMU AND KASHMIR,POONCH,0.4,3.0,0.9660917830792959,10
JAMMU AND KASHMIR,PULWAMA,2613.237861093866,6369.0,2823.552766252714,10
JAMMU AND KASHMIR,PUNCH,3094.2797964942565,13075.0,4686.345791959677,10
JAMMU AND KASHMIR,RAJOURI,3508.9919308445,12839.0,4346.604530560832,10
JAMMU AND KASHMIR,RAMBAN,1612.1874973656913,4377.0,1796.2606534680972,10
JAMMU AND KASHMIR,REASI,1884.808456748108,7030.0,2329.5205621296504,10
JAMMU AND KASHMIR,SAMBA,831.7400815913082,2409.0,914.1652577758284,10
JAMMU AND KASHMIR,SHOPIAN,0.0,0.0,0.0,10
JAMMU AND KASHMIR,SHUPIYAN,1373.9030143875732,3961.0,1602.3191104924408,10
JAMMU AND KASHMIR,SRINAGAR,4818.52230295052,14862.0,5607.729591107953,10
JAMMU AND KASHMIR,UDHAMPUR,3737.6226373105796,12859.0,4462.0899783105215,10
JHARKHAND,BOKARO,10340.683217489526,43013.0,13893.66388276252,10
JHARKHAND,BOKARO *,0.25,1.0,0.42491829279939874,10
JHARKHAND,CHATRA,4484.892078706385,28254.0,9121.764819522154,10
JHARKHAND,DEOGHAR,2256.828716860716,7639.0,3485.0723333632945,10
JHARKHAND,DHANBAD,13810.661250887837,77177.0,24547.484055274937,10
JHARKHAND,DUMKA,4834.852766920109,39931.0,12589.919897556443,10
JHARKHAND,EAST SINGHBHUM,7399.5517350055015,43144.0,14103.853704450576,10
JHARKHAND,EAST SINGHBUM,0.0,0.0,0.0,10
JHARKHAND,GARHWA,7703.08272060539,27333.0,9474.397405500444,10
JHARKHAND,GARHWA *,359.49411998057076,899.0,402.42138962473825,10
JHARKHAND,GIRIDIH,13037.40840629087,85890.0,26687.020554898292,10
JHARKHAND,GODDA,5620.595607623939,32689.0,10190.770518300043,10
JHARKHAND,GUMLA,4934.4432499711265,21579.0,8233.048160083048,10
JHARKHAND,HAZARIBAG,866.1247663347846,4521.0,1386.85893256819,10
JHARKHAND,HAZARIBAGH,6668.57748516997,40457.0,12577.322079516895,10
JHARKHAND,JAMTARA,3927.3108075425007,18552.0,5803.360211822895,10
JHARKHAND,KHUNTI,2419.770164542188,13121.0,4428.201020397598,10
JHARKHAND,KODARMA,405.3643597087958,1386.0,479.208157816676,10
JHARKHAND,KODERMA,3975.2722214332543,18919.0,5932.491392658807,10
JHARKHAND,LATEHAR,4253.974568971245,20716.0,6453.084501417263,10
JHARKHAND,LOHARDAGA,2310.2385872242194,13336.0,4376.330037304886,10
JHARKHAND,PAKAUR,329.5571964202022,1932.0,586.780572279981,10
JHARKHAND,PAKUR,3641.239598978778,30855.0,9715.197928214853,10
JHARKHAND,PALAMAU,301.17607178464607,1810.0,548.9836239900379,10
JHARKHAND,PALAMU,13210.613983927484,74896.0,22957.388329235102,10
JHARKHAND,PASHCHIMI SINGHBHUM,1270.7645508195508,4936.0,1640.6134520064008,10
JHARKHAND,PURBI SINGHBHUM,1455.5269606279749,3654.0,1595.934443774424,10
JHARKHAND,RAMGARH,3988.670336956392,20559.0,6346.600599358868,10
JHARKHAND,RANCHI,9602.620663160687,72936.0,23392.55630025249,10
JHARKHAND,SAHEBGANJ,6746.865021570435,34879.0,10763.333480720114,10
JHARKHAND,SAHIBGANJ,178.1002809636438,920.0,278.3705667586629,10
JHARKHAND,SERAIKELA-KHARSAWAN,6124.30214653053,19558.0,7151.3039011869705,10
JHARKHAND,SIMDEGA,5478.4505446890635,17405.0,6385.809695482564,10
JHARKHAND,WEST SINGHBHUM,9304.847975396737,36034.0,13282.79267147513,10
KARNATAKA,BAGALKOT,7299.70285258689,26926.0,8974.589837100959,10
KARNATAKA,BAGALKOT *,84.65927058273189,286.0,105.854626119687,10
KARNATAKA,BALLARI,3897.136135269929,11343.0,4386.439089429036,10
KARNATAKA,BANGALORE,14115.435858551204,32380.0,15040.032873037704,10
KARNATAKA,BANGALORE RURAL,4302.038032601313,14017.0,5684.536208636471,10
KARNATAKA,BELAGAVI,7260.739460357846,28374.0,9258.895119002114,10
KARNATAKA,BELGAUM,8927.871650140689,34532.0,11285.078129137371,10
KARNATAKA,BELLARY,4933.486298904706,15598.0,5646.238508194905,10
KARNATAKA,BENGALURU,22479.094590985653,92307.0,36948.247117388346,10
KARNATAKA,BENGALURU RURAL,6.85,27.0,10.143552960706947,10
KARNATAKA,BENGALURU SOUTH,20.78467787114846,153.5,47.511192875078564,10
KARNATAKA,BENGALURU URBAN,0.0,0.0,0.0,10
KARNATAKA,BIDAR,5050.108167074927,20776.0,7257.7026959091845,10
KARNATAKA,BIJAPUR,4361.6668038624,16714.0,5510.748313911016,10
KARNATAKA,BIJAPUR(KAR),0.7166666666666666,2.6666666666666665,1.0124228365658292,10
KARNATAKA,CHAMARAJANAGAR,83.69561405614157,249.0,92.54262801553838,10
KARNATAKA,CHAMARAJANAGAR *,2.056111111111111,9.25,3.1760100949865997,10
KARNATAKA,CHAMRAJANAGAR,2157.2364490720697,7423.0,2568.849333425174,10
KARNATAKA,CHAMRAJNAGAR,78.466028404197,227.0,83.86686077705544,10
KARNATAKA,CHICKMAGALUR,1541.321135688684,4290.0,1706.045392651763,10
KARNATAKA,CHIKKABALLAPUR,4319.972154914557,14644.0,5221.390845094172,10
KARNATAKA,CHIKKAMAGALURU,1466.2474450686761,4726.0,1764.4953634931385,10
KARNATAKA,CHIKMAGALUR,64.95609422669756,150.0,63.071428459833,10
KARNATAKA,CHITRADURGA,6040.712680600701,17286.0,6739.456529238511,10
KARNATAKA,DAKSHINA KANNADA,6751.102237057746,24774.0,8374.038933793256,10
KARNATAKA,DAVANAGERE,304.1039699850798,937.0,360.5273818984865,10
KARNATAKA,DAVANGERE,7447.339842745078,18821.0,8022.414555474882,10
KARNATAKA,DHARWAD,8888.488484407553,27573.0,10306.276479699432,10
KARNATAKA,GADAG,3964.985087917629,14448.0,4930.119333088025,10
KARNATAKA,GADAG *,87.95033216892271,314.0,101.38665295462604,10
KARNATAKA,GULBARGA,4236.223685532792,11371.0,4635.1470904180505,10
KARNATAKA,HASAN,481.4572570223005,1277.0,535.3652955758561,10
KARNATAKA,HASSAN,5157.405934812136,13415.0,5647.216494518027,10
KARNATAKA,HAVERI,8311.75174456371,23763.0,9351.730343864641,10
KARNATAKA,HAVERI *,96.50775,477.0,149.311988952895,10
KARNATAKA,KALABURAGI,5692.936876428268,16186.0,7385.26903207317,10
KARNATAKA,KODAGU,1445.722716096357,4442.0,1635.979486664304,10
KARNATAKA,KOLAR,6512.250460875559,17789.0,7332.979618277876,10
KARNATAKA,KOPPAL,5959.879305103866,16021.0,6639.14815251024,10
KARNATAKA,MANDYA,5974.14573419208,17702.0,6809.0069273688,10
KARNATAKA,MYSORE,3598.0049673267013,9295.0,3889.6698887696693,10
KARNATAKA,MYSURU,3358.0767499711983,15488.0,5856.758403842121,10
KARNATAKA,RAICHUR,6958.594748202714,20214.0,9170.811530161613,10
KARNATAKA,RAMANAGAR,4446.8837567568,12335.0,5020.746646342118,10
KARNATAKA,RAMANAGARA,0.0,0.0,0.0,10
KARNATAKA,SHIMOGA,1875.4292211670545,5152.0,2065.9044746335335,10
KARNATAKA,SHIVAMOGGA,3323.661310904355,12068.0,4070.432957934065,10
KARNATAKA,TUMAKURU,4062.5849562063377,11944.0,4539.420325068331,10
KARNATAKA,TUMKUR,4589.310469210838,13796.0,5151.34370301589,10
KARNATAKA,UDUPI,2933.9865928415315,11208.0,3695.2786995559063,10
KARNATAKA,UDUPI *,0.4,2.0,0.8432740427115678,10
KARNATAKA,UTTARA KANNADA,3769.342918796449,13937.0,4693.086326035847,10
KARNATAKA,VIJAYANAGARA,2132.2477809705933,6448.0,2470.0341436111707,10
KARNATAKA,VIJAYAPURA,3820.701218795834,17284.0,5869.18954218106,10
KARNATAKA,YADGIR,4746.079873861324,17045.0,6438.636085865523,10
KERALA,ALAPPUZHA,6122.103163494189,13667.0,6522.929568544248,10
KERALA,ERNAKULAM,7063.035120222511,27515.0,11639.313753798227,10
KERALA,IDUKKI,3300.3571674339605,7474.0,3516.2717146205828,10
KERALA,KANNUR,6536.501546220491,18094.0,8461.385585164237,10
KERALA,KASARAGOD,5375.858791642561,11435.0,5670.549873975304,10
KERALA,KASARGOD,44.90754721117722,169.0,55.50679118334509,10
KERALA,KOLLAM,7217.7443882764055,19963.0,9309.734613285545,10
KERALA,KOTTAYAM,5180.571472948737,12126.0,5603.807020841939,10
KERALA,KOZHIKODE,10907.621525383167,30286.0,12161.051834464057,10
KERALA,MALAPPURAM,13347.789798926504,46681.0,17993.818326974586,10
KERALA,PALAKKAD,11530.273192875915,26639.0,12323.32193956967,10
KERALA,PATHANAMTHITTA,4018.320543810575,9374.0,4323.858153766689,10
KERALA,THIRUVANANTHAPURAM,6754.31637452918,27428.0,10954.509785045804,10
KERALA,THRISSUR,8023.699151820118,22849.0,10414.71093886384,10
KERALA,WAYANAD,2831.735829136888,8798.0,3247.3615591940265,10
LADAKH,KARGIL,270.4857201936291,1466.0,459.794748907054,10
LADAKH,LEH,347.5554813703426,2056.0,622.9341934941948,10
LAKSHADWEEP,LAKSHADWEEP,307.981469017094,706.0,320.14235686683173,10
MADANAPALLE,KADIRI ROAD,0.2,2.0,0.6324555320336759,10
MADHYA PRADESH,AGAR MALWA,1555.8586110383683,3855.0,1692.445322565664,10
MADHYA PRADESH,ALIRAJPUR,1243.2865918527248,12274.0,3875.8662689372736,10
MADHYA PRADESH,ANUPPUR,6770.503143775616,16260.0,7293.676204107719,10
MADHYA PRADESH,ASHOK NAGAR,5164.471493793884,18823.0,8312.721989806916,10
MADHYA PRADESH,ASHOKNAGAR,0.0,0.0,0.0,10
MADHYA PRADESH,BALAGHAT,11697.736071568317,34515.0,15247.027093700815,10
MADHYA PRADESH,BARWANI,3231.751908571877,32213.0,10182.980535603852,10
MADHYA PRADESH,BETUL,7363.4151413878935,29706.0,12178.646805242477,10
MADHYA PRADESH,BHIND,28.70188605156103,205.92727272727274,62.48714194842501,10
MADHYA PRADESH,BHOPAL,7246.402290104452,38424.0,15263.588652863733,10
MADHYA PRADESH,BURHANPUR,974.7353136735459,9673.0,3056.261220968341,10
MADHYA PRADESH,CHHATARPUR,4547.010996129029,45327.0,14328.634948846857,10
MADHYA PRADESH,CHHINDWARA,15240.152103484823,36410.0,16261.049246277029,10
MADHYA PRADESH,DAMOH,13682.208771879199,31766.0,14986.553528500144,10
MADHYA PRADESH,DATIA,3182.7732316046504,13051.0,5297.557583563316,10
MADHYA PRADESH,DEWAS,4180.908342201366,23496.0,8868.944214176036,10
MADHYA PRADESH,DHAR,6939.155317906989,35661.0,14602.964635241187,10
MADHYA PRADESH,DINDORI,8262.028049315802,19258.0,8841.845527147678,10
MADHYA PRADESH,EAST NIMAR,2335.285800856501,7213.0,3059.995247891499,10
MADHYA PRADESH,GUNA,7622.255244953298,30638.0,12496.426852776633,10
MADHYA PRADESH,GWALIOR,21.771527310970402,96.69817073170732,30.131490429815617,10
MADHYA PRADESH,HARDA,3363.3281046808906,7933.0,3586.3375629232537,10
MADHYA PRADESH,HARDA *,759.7849227166388,1892.0,825.117592896431,10
MADHYA PRADESH,HOSHANGABAD,5730.372478455081,15537.0,7419.234950432328,10
MADHYA PRADESH,INDORE,4828.280787788711,48025.0,15177.810013801329,10
MADHYA PRADESH,JABALPUR,8662.550809726765,34820.0,14304.50578526032,10
MADHYA PRADESH,JHABUA,2170.2630258640647,21621.0,6834.294786582154,10
MADHYA PRADESH,KATNI,1604.850503183899,15687.0,4948.4063305859945,10
MADHYA PRADESH,KHANDWA,2082.403176043099,11542.0,4379.315234999644,10
MADHYA PRADESH,KHARGONE,3247.170846629463,32300.0,10208.14133697783,10
MADHYA PRADESH,MAIHAR,152.00962632105293,1002.0,313.380933552662,10
MADHYA PRADESH,MANDLA,8393.382936939397,17776.0,8874.677101866206,10
MADHYA PRADESH,MANDSAUR,10166.849669409288,30065.0,11563.003774197266,10
MADHYA PRADESH,MAUGANJ,120.77549893692417,968.0,299.0960943579158,10
MADHYA PRADESH,MORENA,5341.863955369397,53327.0,16860.26002394796,10
MADHYA PRADESH,NARMADAPURAM,707.8656282178192,1742.0,772.4423310848968,10
MADHYA PRADESH,NARSIMHAPUR,656.8447291564593,1786.0,718.2804134043163,10
MADHYA PRADESH,NARSINGHPUR,3941.2245912190483,10710.0,5097.929326618914,10
MADHYA PRADESH,NEEMUCH,6291.823746725748,14945.0,6765.358906958016,10
MADHYA PRADESH,NIWARI,233.31849624060152,834.0,275.8231794772151,10
MADHYA PRADESH,PANDHURNA,13.25793665158371,85.0,26.07126777280858,10
MADHYA PRADESH,PANNA,4126.245042566401,25120.0,8902.551708402636,10
MADHYA PRADESH,RAISEN,8201.985721112173,23611.0,10671.023578834296,10
MADHYA PRADESH,RAJGARH,14876.562487746487,36599.0,15974.208748960631,10
MADHYA PRADESH,RATLAM,14000.036276994719,40488.0,15610.538378873798,10
MADHYA PRADESH,REWA,17325.0572529214,44436.0,18651.535293753495,10
MADHYA PRADESH,SAGAR,7430.957322606149,41240.0,15694.00058964861,10
MADHYA PRADESH,SATNA,9316.437908098482,39918.0,15406.58247314864,10
MADHYA PRADESH,SEHORE,7814.227777679332,23685.0,10204.356354459658,10
MADHYA PRADESH,SEONI,10968.298621614154,31633.0,12292.068031957864,10
MADHYA PRADESH,SHAHDOL,9809.874438247296,25194.0,10800.592043659155,10
MADHYA PRADESH,SHAJAPUR,10942.995760068945,26821.0,11741.563299197793,10
MADHYA PRADESH,SHEOPUR,2698.5329837721156,15182.0,5727.088996422001,10
MADHYA PRADESH,SHIVPURI,6174.847239822612,42448.0,14095.066637835209,10
MADHYA PRADESH,SIDHI,12157.24863660699,35033.0,13600.281051466636,10
MADHYA PRADESH,SINGRAULI,11411.019239005815,31629.0,12749.99749776055,10
MADHYA PRADESH,TIKAMGARH,14952.358152600758,37817.0,16493.671335832325,10
MADHYA PRADESH,UJJAIN,13220.262455998745,33832.0,14387.226604745963,10
MADHYA PRADESH,UMARIA,4089.8223219021793,13568.0,4888.71259400427,10
MADHYA PRADESH,VIDISHA,3959.16187428743,21437.0,8347.250924903303,10
MADHYA PRADESH,WEST NIMAR,631.5406470968771,1721.0,682.2557709008165,10
MAHARASHTRA,AHILYANAGAR,17.392857142857142,173.92857142857142,55.00104358935717,10
MAHARASHTRA,AHMADNAGAR,17046.702661083415,59942.0,23085.215039979437,10
MAHARASHTRA,AHMED NAGAR,152.72022754787037,511.0,167.80338075677952,10
MAHARASHTRA,AHMEDNAGAR,0.0,0.0,0.0,10
MAHARASHTRA,AKOLA,9211.200241336266,35899.0,12866.896734490449,10
MAHARASHTRA,AMRAVATI,12024.78536438398,54648.0,20215.133810783227,10
MAHARASHTRA,AURANGABAD,7313.411839887604,39794.0,15420.913653487361,10
MAHARASHTRA,BEED,5367.189096124,53305.0,16843.646930115738,10
MAHARASHTRA,BHANDARA,6011.2949931027115,16851.0,6564.214117036769,10
MAHARASHTRA,BID,333.66464044336306,1365.0,506.1175784332951,10
MAHARASHTRA,BULDANA,1516.6148869436624,3591.0,1608.8289250031457,10
MAHARASHTRA,BULDHANA,6762.24961788608,33407.0,11716.03669574662,10
MAHARASHTRA,CHANDRAPUR,6056.882720226129,33865.0,12764.350836235451,10
MAHARASHTRA,CHATRAPATI SAMBHAJI NAGAR,629.8588230619824,2633.0,1053.050698414692,10
MAHARASHTRA,CHHATRAPATI SAMBHAJINAGAR,496.68343528378057,1954.0,646.6091867973914,10
MAHARASHTRA,DHARASHIV,53.67208706022659,163.0,48.710465715758374,10
MAHARASHTRA,DHULE,4638.194167544816,25969.0,9812.408789957572,10
MAHARASHTRA,DIST : THANE,0.1,1.0,0.31622776601683794,10
MAHARASHTRA,GADCHIROLI,7556.305637626547,18897.0,8174.048992636828,10
MAHARASHTRA,GONDIA,24.651190476190475,88.0,36.869887964448175,10
MAHARASHTRA,GONDIYA,6079.387332013165,16428.0,6675.3820018819715,10
MAHARASHTRA,GONDIYA *,23.907878787878786,83.0,34.5729348788932,10
MAHARASHTRA,HINGOLI,1884.6596434866074,18561.0,5859.524776733366,10
MAHARASHTRA,HINGOLI *,1.0,4.0,1.4142135623730951,10
MAHARASHTRA,JALGAON,11133.502858398377,58397.0,23421.312009532157,10
MAHARASHTRA,JALNA,11571.12483308961,31908.0,13081.661605993126,10
MAHARASHTRA,KOLHAPUR,17168.396011956782,43731.0,18462.94726541384,10
MAHARASHTRA,LATUR,8922.308701280084,47977.0,18792.871898014346,10
MAHARASHTRA,MUMBAI,19409.165215800404,63541.0,25725.076138927263,10
MAHARASHTRA,MUMBAI CITY,4723.040009752837,16379.0,5643.59626409378,10
MAHARASHTRA,MUMBAI SUBURBAN,8392.904761459571,60835.0,19785.50309942299,10
MAHARASHTRA,MUMBAI( SUB URBAN ),39.52629243029644,220.0,69.5959883995823,10
MAHARASHTRA,NAGPUR,11884.782615921979,69705.0,25439.38699204797,10
MAHARASHTRA,NANDED,6268.480710550451,62260.0,19673.437745712123,10
MAHARASHTRA,NANDURBAR,5050.927200382563,27995.0,10674.713703012128,10
MAHARASHTRA,NANDURBAR *,7.656079265562025,27.25,11.184749698126264,10
MAHARASHTRA,NASHIK,20974.24141700338,96015.0,35789.140962660655,10
MAHARASHTRA,OSMANABAD,9344.987561276042,33925.0,12792.536714084248,10
MAHARASHTRA,PALGHAR,4035.298167185597,40091.0,12668.701925842293,10
MAHARASHTRA,PARBHANI,5021.856794588732,29197.0,10593.746322630728,10
MAHARASHTRA,PUNE,14821.028060273942,146503.0,46269.553316725025,10
MAHARASHTRA,RAIGAD,1616.340678653863,6050.0,2630.406371958097,10
MAHARASHTRA,RAIGARH,9232.169593180124,25547.0,10387.82538625046,10
MAHARASHTRA,RAIGARH(MH),7.220967741935484,34.0,11.691534989192602,10
MAHARASHTRA,RATNAGIRI,6700.518311546191,16058.0,7260.612801492085,10
MAHARASHTRA,SANGLI,5292.273256037384,32836.0,11492.211886272624,10
MAHARASHTRA,SATARA,3360.9505751052725,33117.0,10455.260530358122,10
MAHARASHTRA,SINDHUDURG,2441.463663365425,7652.0,2753.1886198194907,10
MAHARASHTRA,SOLAPUR,10634.67071525333,68914.0,23555.936325622693,10
MAHARASHTRA,THANE,282.5986781574176,2644.2916666666665,829.8856009542129,10
MAHARASHTRA,WARDHA,6936.604502951804,20217.0,7687.592421831612,10
MAHARASHTRA,WASHIM,4399.839435350276,18319.0,7250.359732178467,10
MAHARASHTRA,WASHIM *,27.991363636363637,191.8,59.42548800519562,10
MAHARASHTRA,YAVATMAL,12415.28038781273,60853.0,21531.323853232083,10
MANIPUR,BISHNUPUR,1822.0410597831938,9829.0,3333.5614900700953,10
MANIPUR,CHANDEL,644.0447735155497,2756.0,906.4811218189293,10
MANIPUR,CHURACHANDPUR,785.9562123427623,6376.0,2013.5068159053799,10
MANIPUR,IMPHAL EAST,3493.1960915843715,22188.0,6812.377502492077,10
MANIPUR,IMPHAL WEST,3233.8066712605587,18970.0,6098.5575431695825,10
MANIPUR,JIRIBAM,175.34488958410012,492.0,197.9994723385475,10
MANIPUR,KAKCHING,136.73621794871795,786.0,231.99226811632576,10
MANIPUR,KANGPOKPI,0.3,3.0,0.9486832980505139,10
MANIPUR,PHERZAWL,7.3625,30.5,11.969644766380217,10
MANIPUR,SENAPATI,1625.9882834384493,5579.0,2181.7388318167023,10
MANIPUR,TAMENGLONG,580.2942125304049,2280.0,757.8903305714449,10
MANIPUR,THOUBAL,3371.9524360140194,19479.0,6038.147610777886,10
MANIPUR,UKHRUL,1000.7416879349612,3663.0,1360.2736368944575,10
MEGHALAYA,EAST GARO HILLS,361.96007405892203,3590.0,1134.2333535737698,10
MEGHALAYA,EAST JAINTIA HILLS,159.5950237823946,1568.0,494.8890652115118,10
MEGHALAYA,EAST KHASI HILLS,4.573356531192766,28.11627906976744,8.596125996819676,10
MEGHALAYA,EASTERN WEST KHASI HILLS,0.3380709454218655,1.3617021276595744,0.5362933330080761,10
MEGHALAYA,JAINTIA HILLS,2.58,14.0,4.52985160414285,10
MEGHALAYA,KAMRUP,0.0,0.0,0.0,10
MEGHALAYA,NORTH GARO HILLS,173.73880614738718,1634.0,513.8356809134619,10
MEGHALAYA,RI BHOI,7.481896583558578,56.3235294117647,17.3468215148816,10
MEGHALAYA,SOUTH GARO HILLS,237.97579874937347,2351.0,742.4737477944335,10
MEGHALAYA,SOUTH WEST GARO HILLS,432.62759414697894,4283.0,1352.9009979357638,10
MEGHALAYA,SOUTH WEST KHASI HILLS,386.4907775978986,3842.0,1214.1465094943078,10
MEGHALAYA,WEST GARO HILLS,1046.6179136859946,10432.0,3297.6892747024535,10
MEGHALAYA,WEST JAINTIA HILLS,2.4608146081492555,9.510763209393346,3.1385746898696483,10
MEGHALAYA,WEST KHASI HILLS,2.5720218207781422,8.896142433234422,3.1287288101381807,10
MIZORAM,AIZAWL,3460.053747634937,21803.0,6710.3704085527515,10
MIZORAM,CHAMPHAI,1089.5239808835977,9812.0,3080.5832141812607,10
MIZORAM,HNAHTHIAL,4.65,24.0,7.753314703331014,10
MIZORAM,KHAWZAWL,0.6454545454545455,2.5,0.9687761963637189,10
MIZORAM,KOLASIB,1115.6959504825186,5739.0,1945.0089152528021,10
MIZORAM,LAWNGTLAI,797.4929152516663,4473.0,1686.059925761532,10
MIZORAM,LUNGLEI,1477.538015771526,10252.0,3270.0508142584376,10
MIZORAM,MAMIT,1038.692520408163,5548.0,1815.4816802658606,10
MIZORAM,MAMMIT,267.35753846153847,1495.0,493.9866535922386,10
MIZORAM,SAIHA,514.5679622643172,3430.0,1122.601246780603,10
MIZORAM,SAITUAL,10.123809523809523,27.0,11.21234944359796,10
MIZORAM,SERCHHIP,807.472621625234,5487.0,1691.9819835830833,10
NAGALAND,CHUMUKEDIMA,96.74184669125539,509.0,155.25982130597993,10
NAGALAND,DIMAPUR,592.9819118305581,5765.0,1817.498980412525,10
NAGALAND,KIPHIRE,318.76053237437,1303.0,458.30788157716745,10
NAGALAND,KOHIMA,639.5645533670674,3041.0,1084.0275130964974,10
NAGALAND,LONGLENG,130.3323507331193,496.0,203.53764651782018,10
NAGALAND,MELURI,40.11111111111111,311.0,96.53775994216049,10
NAGALAND,MOKOKCHUNG,510.8835279350254,1514.0,655.4601538598255,10
NAGALAND,MON,637.4533160592933,3195.0,1108.9440482744171,10
NAGALAND,NIULAND,42.50049019607843,214.0,66.94487702682804,10
NAGALAND,NOKLAK,41.29349852142505,123.0,51.18981578366913,10
NAGALAND,PEREN,135.91345162746302,1250.0,392.01354049603435,10
NAGALAND,PHEK,501.45031511986537,1956.0,699.7983897995565,10
NAGALAND,SHAMATOR,8.375964353559057,67.0,20.871075093501478,10
NAGALAND,TSEMINYU,15.569999999999999,74.0,27.36866934522749,10
NAGALAND,TUENSANG,530.2725259694366,2386.0,882.6638960229279,10
NAGALAND,WOKHA,528.5223820870688,2484.0,811.3012210382901,10
NAGALAND,ZUNHEBOTO,521.515685685332,2218.0,768.5008391134428,10
NAGPUR,NEAR UDAY NAGAR NIT GARDEN,0.1,1.0,0.31622776601683794,10
ODISHA,ANGUL,4754.693252429025,16755.0,5692.777550232827,10
ODISHA,ANUGAL,1.1,5.0,1.728840330651992,10
ODISHA,ANUGUL,74.58795518207282,201.0,66.51375217617907,10
ODISHA,BALANGIR,7117.116567729298,24386.0,8466.583747396027,10
ODISHA,BALESHWAR,1220.0205652893178,3256.0,1336.6153391341795,10
ODISHA,BALESWAR,7749.401249830136,29860.0,9782.421043639515,10
ODISHA,BALIANTA,0.1,1.0,0.31622776601683794,10
ODISHA,BARGARH,5602.70246445956,19905.0,6756.106124262635,10
ODISHA,BAUDH,304.92252631578947,922.0,338.33915511120875,10
ODISHA,BHADRAK,7234.24131876237,25184.0,8900.381856422275,10
ODISHA,BHADRAK(R),0.1,1.0,0.31622776601683794,10
ODISHA,BOUDH,1569.268604958847,5386.0,1859.6192339042984,10
ODISHA,CUTTACK,10724.728709441393,36048.0,12768.625142143506,10
ODISHA,DEBAGARH,1204.8268536854646,4255.0,1441.0443694215087,10
ODISHA,DHENKANAL,5788.279712799846,20524.0,6975.2103098214675,10
ODISHA,GAJAPATI,4574.0422291319555,18015.0,5842.64793210119,10
ODISHA,GANJAM,14941.413270601759,58712.0,19079.748904561304,10
ODISHA,JAGATSINGHAPUR,3305.0933777838436,12455.0,4110.754348444567,10
ODISHA,JAGATSINGHPUR,513.458684738631,1270.0,558.9365762453696,10
ODISHA,JAJAPUR,4568.872617202365,15698.0,5424.288232365421,10
ODISHA,JAJPUR,3229.140959942291,12446.0,4133.0997519512,10
ODISHA,JHARSUGUDA,2110.145754194892,9742.0,3021.670737754519,10
ODISHA,KALAHANDI,7685.258155923157,31542.0,10132.672168472172,10
ODISHA,KANDHAMAL,5208.67109245004,20061.0,6725.7429702349455,10
ODISHA,KENDRAPARA,6200.208115218851,26222.0,8331.966963387202,10
ODISHA,KENDUJHAR,8692.349720585249,38356.0,12111.553660205882,10
ODISHA,KHORDA,7436.307214657104,26269.0,8956.997801625199,10
ODISHA,KHORDHA,244.9962636490192,880.0,325.48795508092985,10
ODISHA,KORAPUT,8256.626551721316,32726.0,10666.19902369869,10
ODISHA,MALKANGIRI,4034.001163709051,15966.0,5215.9103658693275,10
ODISHA,MAYURBHANJ,12387.628397848424,45952.0,15296.67668808507,10
ODISHA,NABARANGAPUR,6527.650053477795,29949.0,9928.732878912795,10
ODISHA,NABARANGPUR,0.0,0.0,0.0,10
ODISHA,NAYAGARH,4815.260925963074,17212.0,5835.095816513875,10
ODISHA,NUAPADA,3346.944646320676,10958.0,3937.2497406711095,10
ODISHA,PURI,5055.3350070382685,18153.0,6132.348423997022,10
ODISHA,RAYAGADA,4826.478383218907,18877.0,6151.2357938408695,10
ODISHA,SAMBALPUR,4113.677929753528,16622.0,5343.189883434525,10
ODISHA,SONAPUR,2089.654092266622,8368.0,2692.3360142852525,10
ODISHA,SUBARNAPUR,592.9969491080781,2619.0,816.583847480556,10
ODISHA,SUNDARGARH,960.0382538447053,2533.0,1028.35520083292,10
ODISHA,SUNDERGARH,8267.038393661425,32267.0,10513.338273923495,10
ORISSA,ANGUL,0.5,2.0,0.8498365855987975,10
ORISSA,ANUGUL,2.964204545454545,10.1875,3.973261008875588,10
ORISSA,ANUGUL  *,0.1,1.0,0.31622776601683794,10
ORISSA,BALANGIR,787.044701754386,2391.0,868.6795598860458,10
ORISSA,BALESHWAR,164.5691248520994,440.0,175.03446693502235,10
ORISSA,BALESWAR,1.1833333333333333,5.0,1.7646214576755235,10
ORISSA,BARGARH,52.93136752136752,134.0,52.494740619230164,10
ORISSA,BAUDH,0.4333333333333333,1.5,0.6146362971528592,10
ORISSA,BHADRAK,322.06359707409285,958.0,353.5436485938091,10
ORISSA,CUTTACK,356.6984686609687,1025.0,382.8481905552394,10
ORISSA,DEBAGARH,0.45,2.3333333333333335,0.8242093105845875,10
ORISSA,DHENKANAL,87.79334239130435,303.0,106.00095189559333,10
ORISSA,GAJAPATI,5.625,21.0,8.344367694572323,10
ORISSA,GANJAM,385.9369088972711,919.0,395.74198149747536,10
ORISSA,JAGATSINGHAPUR,3.185909090909091,9.25,4.226714663934791,10
ORISSA,JAJAPUR,35.561300194058816,105.0,39.82773831596206,10
ORISSA,JAJAPUR  *,0.3,2.0,0.6749485577105528,10
ORISSA,JHARSUGUDA,3.2267857142857137,18.5,5.891751038566847,10
ORISSA,KALAHANDI,1.2449999999999999,7.0,2.2111397262246655,10
ORISSA,KANDHAMAL,6.470868347338936,21.833333333333332,8.955694345947633,10
ORISSA,KENDRAPARA,3.811181800655485,16.142857142857142,5.554676819520368,10
ORISSA,KENDRAPARA *,0.0,0.0,0.0,10
ORISSA,KENDUJHAR,13.1525,68.0,21.969013689740372,10
ORISSA,KHORDA,0.6,3.0,1.0749676997731399,10
ORISSA,KHORDHA,744.6219551852384,1957.0,854.6543862009457,10
ORISSA,KHORDHA  *,0.1,1.0,0.31622776601683794,10
ORISSA,KORAPUT,58.225438681219615,173.0,56.06495004500288,10
ORISSA,MALKANGIRI,8.063745819397994,42.0,13.13966014551835,10
ORISSA,MAYURBHANJ,1.728333333333333,7.5,2.6685878496146818,10
ORISSA,NABARANGAPUR,1.6666666666666667,6.0,2.5531389540169016,10
ORISSA,NAYAGARH,31.25699170326475,109.0,39.19415193484248,10
ORISSA,NUAPADA,0.35,3.0,0.9442810316143531,10
ORISSA,PURI,179.70602173913045,530.0,201.02899779484767,10
ORISSA,RAYAGADA,85.99016534391534,294.0,96.69309847071075,10
ORISSA,SAMBALPUR,5.797445887445887,20.6,8.240655664645256,10
ORISSA,SONAPUR,2.8,9.0,3.7166292972710275,10
ORISSA,SUBARNAPUR,4.2,19.0,6.684143758012524,10
ORISSA,SUNDARGARH,37.64052939624734,160.0,55.66722052513084,10
ORISSA,SUNDERGARH,0.25,2.0,0.6346477588219923,10
PONDICHERRY,CUDDALORE,0.6,2.0,0.9660917830792959,10
PONDICHERRY,KARAIKAL,28.57482174688057,187.0,57.59013553440369,10
PONDICHERRY,PONDICHERRY,1178.303009046071,2719.0,1234.9266708961256,10
PONDICHERRY,VILUPPURAM,0.8,3.0,1.1352924243950933,10
PONDICHERRY,YANAM,4.525992063492064,14.777777777777779,6.060389155838642,10
PUDUCHERRY,KARAIKAL,824.5952738915888,2589.0,920.948948516956,10
PUDUCHERRY,PONDICHERRY,5.4,28.0,9.030196257249587,10
PUDUCHERRY,PUDUCHERRY,1965.3300403906221,5570.0,2279.103263399973,10
PUDUCHERRY,YANAM,9.85,57.0,17.829516725549986,10
PUNJAB,AMRITSAR,3164.176975454271,30717.0,9684.017547198086,10
PUNJAB,BARNALA,2661.160465383373,9009.0,3133.8148718291927,10
PUNJAB,BATHINDA,7355.575406377284,20350.0,8246.41847994694,10
PUNJAB,FARIDKOT,3153.3802373540225,9240.0,3593.1087838918725,10
PUNJAB,FATEHGARH SAHIB,2994.341265380763,9492.0,3595.116019605596,10
PUNJAB,FAZILKA,5638.4251304658355,16757.0,6731.656398764421,10
PUNJAB,FEROZEPUR,5226.939146217589,18235.0,6717.741746337083,10
PUNJAB,FIROZPUR,730.1615306031409,2445.0,886.1175510529647,10
PUNJAB,GURDASPUR,5165.48839581371,31697.0,11178.77963055367,10
PUNJAB,HOSHIARPUR,2264.4053507318104,22363.0,7061.953974037621,10
PUNJAB,JALANDHAR,11170.98934765083,36871.0,13078.269669336978,10
PUNJAB,KAPURTHALA,988.1770409564115,9747.0,3077.5471050214487,10
PUNJAB,LUDHIANA,53.14858815267367,397.530303030303,121.32176135081625,10
PUNJAB,MALERKOTLA,1837.0321090972152,7690.0,2708.6993411942663,10
PUNJAB,MANSA,5162.892485977491,16828.0,6019.511862367443,10
PUNJAB,MOGA,5121.1507779145595,12914.0,5650.011024438728,10
PUNJAB,MUKTSAR,545.7998376068376,1208.0,562.8103352247288,10
PUNJAB,NAWANSHAHR,30.15375960061444,145.0,45.90029643790384,10
PUNJAB,PATHANKOT,2389.7989582269115,6395.0,2664.549166630612,10
PUNJAB,PATIALA,7943.109947696212,31340.0,12916.578124613094,10
PUNJAB,RUPNAGAR,3558.7150266306903,10182.0,4010.9767686504265,10
PUNJAB,S.A.S NAGAR,0.0,0.0,0.0,10
PUNJAB,S.A.S NAGAR(MOHALI),107.9939929627163,519.0,163.6700487490176,10
PUNJAB,SANGRUR,5142.019492448226,19175.0,7135.823627772332,10
PUNJAB,SAS NAGAR (MOHALI),6209.867021996839,20862.0,8454.736799203616,10
PUNJAB,SHAHEED BHAGAT SINGH NAGAR,2046.9352441577219,5036.0,2189.675667797783,10
PUNJAB,SRI MUKTSAR SAHIB,4693.191660264738,17630.0,5878.164351404053,10
PUNJAB,TARN TARAN,5059.013963990961,18686.0,6923.639544935445,10
PUTTENAHALLI,5TH CROSS,0.1,1.0,0.31622776601683794,10
RAJA ANNAMALAI PURAM,NEAR DHYANA ASHRAM,0.1,1.0,0.31622776601683794,10
RAJASTHAN,AJMER,10297.67959183873,56728.0,18943.00472826001,10
RAJASTHAN,ALWAR,8408.967071205912,83956.0,26544.52309496568,10
RAJASTHAN,BALOTRA,46.95,430.0,135.1613130875679,10
RAJASTHAN,BANSWARA,10444.040799255137,63267.0,19412.12726755781,10
RAJASTHAN,BARAN,6579.057403228685,50020.0,15606.816929981012,10
RAJASTHAN,BARMER,15672.516537158666,77576.0,26117.34830578978,10
RAJASTHAN,BEAWAR,28.95,228.5,72.68824220983443,10
RAJASTHAN,BHARATPUR,8195.043782865938,56724.0,17847.304171759693,10
RAJASTHAN,BHILWARA,7628.850685264461,55789.0,17469.87200150788,10
RAJASTHAN,BIKANER,3951.4127843847004,39385.0,12450.09649496879,10
RAJASTHAN,BUNDI,4287.535372517209,28884.0,9108.964417567726,10
RAJASTHAN,CHITTAURGARH,98.17220937360824,313.0,106.06180394469077,10
RAJASTHAN,CHITTORGARH,5488.290430885097,36719.0,11353.294992163483,10
RAJASTHAN,CHURU,5523.855688588648,41160.0,13264.915780530262,10
RAJASTHAN,DAUSA,8257.71127197666,32763.0,10907.961772098288,10
RAJASTHAN,DEEG,13.651041666666666,76.33333333333333,24.17372444932574,10
RAJASTHAN,DHAULPUR,12.660216245857473,102.0,31.573089566166534,10
RAJASTHAN,DHOLPUR,6184.132798420363,44176.0,13899.750355755607,10
RAJASTHAN,DIDWANA-KUCHAMAN,31.333333333333336,207.33333333333334,70.24191003899257,10
RAJASTHAN,DUNGARPUR,9622.69322347313,70138.0,21761.0875066281,10
RAJASTHAN,GANGANAGAR,9743.456614764858,40472.0,12973.946685219611,10
RAJASTHAN,HANUMANGARH,8252.171612718317,42433.0,13688.064999547181,10
RAJASTHAN,JAIPUR,15020.257819854789,99437.0,33615.4204855628,10
RAJASTHAN,JAISALMER,3217.8877777907096,11597.0,4663.5976625178455,10
RAJASTHAN,JALOR,8204.732068537141,49363.0,15439.903469701245,10
RAJASTHAN,JALORE,46.7,337.0,105.89937571949032,10
RAJASTHAN,JHALAWAR,8254.232168996963,55424.0,17330.700834452575,10
RAJASTHAN,JHUNJHUNU,55.18893783896537,120.0,46.32868012277389,10
RAJASTHAN,JHUNJHUNUN,8541.993253222437,29049.0,10118.70690186841,10
RAJASTHAN,JODHPUR,8491.031716618225,84777.0,26804.159091681795,10
RAJASTHAN,KARAULI,4969.111021199014,33755.0,10641.597257354153,10
RAJASTHAN,KHAIRTHAL-TIJARA,107.2,947.0,297.67909641834854,10
RAJASTHAN,KOTA,9087.048939656717,46052.0,15244.504059666115,10
RAJASTHAN,KOTPUTLI-BEHROR,53.6,460.0,144.77814445250743,10
RAJASTHAN,NAGAUR,8914.68267165858,66736.0,21488.5621980137,10
RAJASTHAN,PALI,10720.83320760902,41214.0,15393.508145757123,10
RAJASTHAN,PHALODI,20.6,162.0,51.57130985344468,10
RAJASTHAN,PRATAPGARH,5853.505230754432,23505.0,8287.00197686648,10
RAJASTHAN,RAJSAMAND,5776.044918300884,24457.0,8056.719337195667,10
RAJASTHAN,SALUMBAR,15.0,70.0,27.892651361962706,10
RAJASTHAN,SAWAI MADHOPUR,4984.616620671403,24790.0,7994.916542601949,10
RAJASTHAN,SIKAR,3946.1616949169133,22330.0,8269.878195675306,10
RAJASTHAN,SIROHI,1996.7724683076462,19888.0,6286.33821578345,10
RAJASTHAN,TONK,5488.840291643403,27167.0,8932.380872484615,10
RAJASTHAN,UDAIPUR,11907.172371120902,82927.0,26113.638645572726,10
SIKKIM,EAST,560.2237072798378,2623.0,811.5114770634282,10
SIKKIM,EAST SIKKIM,363.33816955224205,1646.0,511.76988328926666,10
SIKKIM,MANGAN,4.0,13.0,5.451809077932042,10
SIKKIM,NAMCHI,4.345000000000001,15.5,6.258525296656464,10
SIKKIM,NORTH,15.634978354978355,50.0,18.71911920701289,10
SIKKIM,NORTH SIKKIM,49.92404761904762,129.0,42.40109892782528,10
SIKKIM,SOUTH,370.80314744079453,1893.0,577.9016436998086,10
SIKKIM,SOUTH SIKKIM,138.8670101991258,807.0,256.3606063418625,10
SIKKIM,WEST,363.3321486549165,1433.0,474.80158612165445,10
SIKKIM,WEST SIKKIM,225.4546902366993,1510.0,474.22076395198263,10
TAMIL NADU,ARIYALUR,6142.131365816616,22811.0,7576.838091676347,10
TAMIL NADU,CHENGALPATTU,518.0157259399359,3574.0,1098.47582930067,10
TAMIL NADU,CHENNAI,14237.409985443242,61715.0,20947.26997755298,10
TAMIL NADU,COIMBATORE,14476.614056694913,55785.0,20169.62622261224,10
TAMIL NADU,CUDDALORE,9745.06718704276,42592.0,14382.566165149125,10
TAMIL NADU,DHARMAPURI,6879.889551221192,29514.0,9333.583831916516,10
TAMIL NADU,DINDIGUL,13517.418777890407,45758.0,15887.307500634452,10
TAMIL NADU,ERODE,9958.937038508011,35620.0,12042.816346381276,10
TAMIL NADU,KALLAKURICHI,480.5320875642043,3461.0,1066.278792836136,10
TAMIL NADU,KANCHEEPURAM,15571.46350907452,64891.0,22466.793527718506,10
TAMIL NADU,KANCHIPURAM,1.2,5.0,2.0976176963403033,10
TAMIL NADU,KANNIYAKUMARI,5170.121417718055,20394.0,6672.52981527901,10
TAMIL NADU,KANYAKUMARI,2106.2212050124235,9400.0,2972.642111220065,10
TAMIL NADU,KARUR,4127.8300758936475,13402.0,4782.5412548688,10
TAMIL NADU,KRISHNAGIRI,8670.80207191206,35082.0,11368.84899485244,10
TAMIL NADU,MADURAI,11119.777446079435,58645.0,19871.329840561375,10
TAMIL NADU,MAYILADUTHURAI,224.57655836107446,1435.0,437.6419959177013,10
TAMIL NADU,NAGAPATTINAM,4941.821844974257,14468.0,5491.485809771851,10
TAMIL NADU,NAMAKKAL,7991.979970215015,24182.0,8965.33251444181,10
TAMIL NADU,NAMAKKAL   *,0.0,0.0,0.0,10
TAMIL NADU,PERAMBALUR,3722.0400835742657,10565.0,4165.646518931913,10
TAMIL NADU,PUDUKKOTTAI,7231.393025131138,28933.0,10221.388741075254,10
TAMIL NADU,RAMANATHAPURAM,5853.984221360874,23405.0,8271.075629771594,10
TAMIL NADU,RANIPET,31.045367185367184,137.0,40.414028885048864,10
TAMIL NADU,SALEM,15220.99654801036,68890.0,22971.77363024682,10
TAMIL NADU,SIVAGANGA,5040.8289120140325,19494.0,7014.907070436286,10
TAMIL NADU,TENKASI,569.233024901498,3653.0,1112.538578435204,10
TAMIL NADU,THANJAVUR,10447.726473976767,47399.0,15742.479463506426,10
TAMIL NADU,THE NILGIRIS,2835.840170650298,9050.0,3271.3422401325033,10
TAMIL NADU,THENI,6409.607559333888,22070.0,7578.3144088925455,10
TAMIL NADU,THIRUVALLUR,99.37399044721955,458.0,147.69621397330928,10
TAMIL NADU,THIRUVARUR,4412.962203163928,17650.0,5698.432731845663,10
TAMIL NADU,THOOTHUKKUDI,8913.028259315415,35457.0,11493.688739497073,10
TAMIL NADU,TIRUCHIRAPPALLI,13639.939698821985,44309.0,15736.731996488154,10
TAMIL NADU,TIRUNELVELI,13939.791499917535,55491.0,17982.066239155927,10
TAMIL NADU,TIRUPATHUR,13.040000000000001,53.0,20.703579937349538,10
TAMIL NADU,TIRUPATTUR,826.9677760206521,4070.0,1255.4952514978784,10
TAMIL NADU,TIRUPPUR,11686.687022049076,35913.0,13229.119855483657,10
TAMIL NADU,TIRUVALLUR,19810.065794032937,69505.0,23722.840177966136,10
TAMIL NADU,TIRUVANNAMALAI,10660.948277841107,42814.0,13813.67623629002,10
TAMIL NADU,TIRUVARUR,0.5,3.0,1.0801234497346435,10
TAMIL NADU,TUTICORIN,0.7,4.0,1.3374935098492586,10
TAMIL NADU,VELLORE,10853.758784518242,45291.0,15668.818052171604,10
TAMIL NADU,VILLUPURAM,7451.256855546344,27515.0,9154.29573691747,10
TAMIL NADU,VILUPPURAM,4861.888848126891,14923.0,5475.317497531207,10
TAMIL NADU,VIRUDHUNAGAR,8288.34385832731,24717.0,9353.480933521058,10
TAMILNADU,CHENNAI,0.1,1.0,0.31622776601683794,10
TELANGANA,ADILABAD,5641.4677240748615,17137.0,6471.5975382107135,10
TELANGANA,BHADRADRI KOTHAGUDEM,1490.8989798196558,10274.0,3172.42914540703,10
TELANGANA,HANUMAKONDA,880.6892404005599,4489.0,1372.739468397723,10
TELANGANA,HYDERABAD,5635.117311703004,56092.0,17728.77359495049,10
TELANGANA,JAGITIAL,886.8174187257655,4033.0,1273.9252296636482,10
TELANGANA,JANGAON,11.253982966924145,58.0,18.017388997361756,10
TELANGANA,JANGOAN,597.4535379071285,2411.0,908.3479319963636,10
TELANGANA,JAYASHANKAR BHUPALPALLY,748.6911865753033,5490.0,1683.7725966637151,10
TELANGANA,JOGULAMBA GADWAL,2222.0138804060175,7930.0,2870.16884811331,10
TELANGANA,K.V. RANGAREDDY,18476.707519361393,68841.0,26382.917040696757,10
TELANGANA,KAMAREDDY,1371.2574657237092,4395.0,1744.5351788341136,10
TELANGANA,KARIMNAGAR,9943.84548452439,35232.0,12036.940379796799,10
TELANGANA,KHAMMAM,4485.794766442905,17273.0,5800.6126395482115,10
TELANGANA,KOMARAM BHEEM,1121.9124843607917,5772.0,1843.6734145851772,10
TELANGANA,MAHABUBABAD,1034.2395380479359,5489.0,1702.5438046650597,10
TELANGANA,MAHABUBNAGAR,14391.906644514072,44080.0,16780.881465739436,10
TELANGANA,MANCHERIAL,983.3568088604943,5167.0,1574.4387761283704,10
TELANGANA,MEDAK,7288.412227121243,22412.0,8358.161097489758,10
TELANGANA,MEDCHAL MALKAJGIRI,0.0,0.0,0.0,10
TELANGANA,MEDCHAL-MALKAJGIRI,4748.636604747726,20746.0,7702.527076962644,10
TELANGANA,MEDCHAL?MALKAJGIRI,120.35,1193.0,376.8943301657788,10
TELANGANA,MEDCHALÂMALKAJGIRI,0.1,1.0,0.31622776601683794,10
TELANGANA,MEDCHAL−MALKAJGIRI,5.430075184650221,25.83116883116883,8.534944403278407,10
TELANGANA,MULUGU,592.6821253693581,3251.0,994.2973212340405,10
TELANGANA,NAGARKURNOOL,1057.6404784482709,5877.0,1793.1173879387725,10
TELANGANA,NALGONDA,9838.896842973958,31232.0,11503.721325484114,10
TELANGANA,NARAYANPET,582.6632440473938,2954.0,923.164191721883,10
TELANGANA,NIRMAL,1082.7687246686908,3786.0,1365.287987341064,10
TELANGANA,NIZAMABAD,8535.638061631013,28966.0,10136.037760869136,10
TELANGANA,PEDDAPALLI,436.05296672831463,1774.0,568.2610914637444,10
TELANGANA,RAJANNA SIRCILLA,598.2128685137375,2934.0,903.7516477211276,10
TELANGANA,RANGA REDDY,0.0,0.0,0.0,10
TELANGANA,RANGAREDDY,335.66202664876647,1783.0,541.2110459943455,10
TELANGANA,SANGAREDDY,2515.731320553906,9106.0,3387.26565632804,10
TELANGANA,SIDDIPET,1165.5179861400757,4914.0,1611.010317524485,10
TELANGANA,SURYAPET,1977.795119606631,7952.0,2647.811298054488,10
TELANGANA,VIKARABAD,2049.580749388741,5681.0,2575.646905411302,10
TELANGANA,WANAPARTHY,1218.535539822806,7634.0,2325.404978854559,10
TELANGANA,WARANGAL,5695.334127755568,15045.0,6247.182569369162,10
TELANGANA,WARANGAL (URBAN),6.183333333333334,29.0,9.595668390052454,10
TELANGANA,WARANGAL RURAL,600.1177437648664,3082.0,943.3956726406802,10
TELANGANA,WARANGAL URBAN,1290.8349484186224,4971.0,1780.715261570207,10
TELANGANA,YADADRI.,2123.6953342154693,12936.0,4066.122596385868,10
THE DADRA AND NAGAR HAVELI AND DAMAN AND DIU,DADRA AND NAGAR HAVELI,0.0,0.0,0.0,10
TRIPURA,DHALAI,2536.3297970338417,11213.0,3808.4284197763504,10
TRIPURA,DHALAI  *,52.920833333333334,131.0,42.518307830528784,10
TRIPURA,GOMATI,1233.9216840405604,7037.0,2222.591449479669,10
TRIPURA,KHOWAI,734.7225490435491,2951.0,955.8768160852206,10
TRIPURA,NORTH TRIPURA,2967.5066882850133,13498.0,4510.327279222978,10
TRIPURA,SEPAHIJALA,1636.6780924795337,8024.0,2611.8753113727707,10
TRIPURA,SOUTH TRIPURA,4846.650522740125,22391.0,7018.5822925814255,10
TRIPURA,UNAKOTI,876.5069944663364,4677.0,1474.1092504512765,10
TRIPURA,WEST TRIPURA,6256.246344270298,32222.0,10277.157763379835,10
UTTAR PRADESH,AGRA,17.220889124306048,64.96471885336274,18.14552686127477,10
UTTAR PRADESH,ALIGARH,22.53710793330689,111.00320512820512,32.20056883566894,10
UTTAR PRADESH,ALLAHABAD,21657.28229602756,75664.0,25965.59953011941,10
UTTAR PRADESH,AMBEDKAR NAGAR,5915.242361693934,29644.0,9658.582276410803,10
UTTAR PRADESH,AMETHI,7744.116423840232,32490.0,10393.32426237325,10
UTTAR PRADESH,AMROHA,6514.371490242746,28414.0,10865.034440894371,10
UTTAR PRADESH,AURAIYA,5732.661862242536,24731.0,7882.263317216539,10
UTTAR PRADESH,AURAIYA *,0.1,1.0,0.31622776601683794,10
UTTAR PRADESH,AYODHYA,744.52232294696,5584.0,1739.6865358404978,10
UTTAR PRADESH,AZAMGARH,8317.499756486959,65474.0,20826.839338870286,10
UTTAR PRADESH,BAGHPAT,2712.1133467994846,21294.0,6770.284341886393,10
UTTAR PRADESH,BAGHPAT *,0.3,2.0,0.6749485577105528,10
UTTAR PRADESH,BAGPAT,1.65,8.0,2.6671874491473018,10
UTTAR PRADESH,BAHRAICH,22.675430064516743,155.3763440860215,47.3564225243359,10
UTTAR PRADESH,BALLIA,10547.279748852254,40748.0,13461.07520513316,10
UTTAR PRADESH,BALRAMPUR,4460.573604274052,35507.0,11269.946877056904,10
UTTAR PRADESH,BANDA,58.61850301357215,481.4179104477612,148.73887197118853,10
UTTAR PRADESH,BARA BANKI,11572.59076282404,48775.0,16942.355257242165,10
UTTAR PRADESH,BARABANKI,132.53579054319525,369.0,159.61725865768622,10
UTTAR PRADESH,BAREILLY,7413.365861115711,74010.0,23399.67324816599,10
UTTAR PRADESH,BASTI,7240.399812596761,35185.0,11579.970838251287,10
UTTAR PRADESH,BHADOHI,1016.2365644881435,7001.0,2138.2628820237715,10
UTTAR PRADESH,BIJNOR,18797.390464817705,57992.0,25311.405269104427,10
UTTAR PRADESH,BUDAUN,6929.644207280253,69157.0,21864.466365465585,10
UTTAR PRADESH,BULANDSHAHAR,2.6215670992834905,16.105263157894736,5.009410517608937,10
UTTAR PRADESH,BULANDSHAHR,3117.170953977502,30073.0,9475.60786754694,10
UTTAR PRADESH,CHANDAULI,4076.48702053758,40619.0,12839.733461128859,10
UTTAR PRADESH,CHANDAULI *,0.2,2.0,0.6324555320336759,10
UTTAR PRADESH,CHITRAKOOT,5234.821690185103,22854.0,7223.322825218986,10
UTTAR PRADESH,CHITRAKOOT *,0.1,1.0,0.31622776601683794,10
UTTAR PRADESH,DEORIA,7171.021604812244,41901.0,13812.34273650082,10
UTTAR PRADESH,ETAH,3158.605339975922,23248.0,7518.123518859989,10
UTTAR PRADESH,ETAWAH,4202.3329398719,21220.0,7556.196375045789,10
UTTAR PRADESH,FAIZABAD,7461.317275508702,28755.0,9648.323769275066,10
UTTAR PRADESH,FARRUKHABAD,5269.813466941921,24198.0,8018.472671464132,10
UTTAR PRADESH,FATEHPUR,4908.123498273122,48924.0,15465.607930919528,10
UTTAR PRADESH,FIROZABAD,4364.288879993267,27565.0,9541.770842904198,10
UTTAR PRADESH,GAUTAM BUDDHA NAGAR,13.805035517392174,40.58031674208145,11.719250937674396,10
UTTAR PRADESH,GAUTAM BUDDHA NAGAR *,0.2,2.0,0.6324555320336759,10
UTTAR PRADESH,GHAZIABAD,5257.997462180093,52361.0,16550.337453118216,10
UTTAR PRADESH,GHAZIPUR,13193.82097366089,59638.0,18747.452695418542,10
UTTAR PRADESH,GONDA,9107.547859218817,64735.0,20300.00949380606,10
UTTAR PRADESH,GORAKHPUR,128.91775583219632,1151.9344262295083,359.5789089555783,10
UTTAR PRADESH,HAMIRPUR,4419.721066506896,17614.0,6146.876185012115,10
UTTAR PRADESH,HAPUR,2761.934449811522,14880.0,5004.992583190147,10
UTTAR PRADESH,HARDOI,12307.761669824333,67461.0,22655.149009564466,10
UTTAR PRADESH,HATHRAS,5172.362699729057,28184.0,9440.346726780972,10
UTTAR PRADESH,JALAUN,4755.48797269559,27544.0,9058.89458384646,10
UTTAR PRADESH,JAUNPUR,3327.752975825924,18276.0,6987.312592519581,10
UTTAR PRADESH,JHANSI,6923.070209934868,33375.0,10897.167368980065,10
UTTAR PRADESH,JYOTIBA PHULE NAGAR,3.809831154684096,18.352941176470587,6.135370680146706,10
UTTAR PRADESH,JYOTIBA PHULE NAGAR *,0.1,1.0,0.31622776601683794,10
UTTAR PRADESH,KANNAUJ,4859.812382847267,23739.0,7710.253207851992,10
UTTAR PRADESH,KANPUR DEHAT,5025.226575891189,34260.0,10800.857385190395,10
UTTAR PRADESH,KANPUR NAGAR,37.4546742790206,264.9856459330144,80.23750778641953,10
UTTAR PRADESH,KASGANJ,4205.995047899969,17487.0,6072.4822659666115,10
UTTAR PRADESH,KAUSHAMBI,5604.6142135771415,34370.0,11116.09826007237,10
UTTAR PRADESH,KHERI,9142.058879693366,91314.0,28872.278012022514,10
UTTAR PRADESH,KUSHI NAGAR,0.0,0.0,0.0,10
UTTAR PRADESH,KUSHINAGAR,14317.104439423067,71886.0,24636.189376882994,10
UTTAR PRADESH,KUSHINAGAR *,10.566666666666666,29.0,12.003137449932634,10
UTTAR PRADESH,LALITPUR,5463.606995256847,23147.0,8162.992394457217,10
UTTAR PRADESH,LUCKNOW,66.54717287132276,438.06293706293707,134.49355303550934,10
UTTAR PRADESH,MAHARAJGANJ,25.79440224980123,169.57950530035336,51.009987580566374,10
UTTAR PRADESH,MAHOBA,3353.22203515702,12509.0,4266.767772293262,10
UTTAR PRADESH,MAHOBA *,0.1,1.0,0.31622776601683794,10
UTTAR PRADESH,MAHRAJGANJ,2.064285714285714,15.0,4.642118378342882,10
UTTAR PRADESH,MAINPURI,3843.3666064484087,29366.0,9402.51764277785,10
UTTAR PRADESH,MATHURA,2916.251904901472,14998.0,6015.803163939059,10
UTTAR PRADESH,MAU,7240.574565197654,34393.0,10721.334329565936,10
UTTAR PRADESH,MEERUT,6679.834256339511,66646.0,21069.972037912758,10
UTTAR PRADESH,MIRZAPUR,9253.472395593551,34808.0,11537.654287268428,10
UTTAR PRADESH,MORADABAD,4710.030082104066,46987.0,14854.615121617167,10
UTTAR PRADESH,MUZAFFARNAGAR,9303.951096338616,50192.0,16886.738963502914,10
UTTAR PRADESH,PILIBHIT,5036.769972882402,50220.0,15875.772426587659,10
UTTAR PRADESH,PRATAPGARH,11115.990630426439,47385.0,15157.342756439895,10
UTTAR PRADESH,PRAYAGRAJ,1588.7033222961154,10652.0,3358.222473616949,10
UTTAR PRADESH,RAE BARELI,10864.663792204628,49757.0,15604.893485081293,10
UTTAR PRADESH,RAEBARELI,1.45,5.0,1.9783550967631895,10
UTTAR PRADESH,RAMPUR,3986.9492794111948,39753.0,12566.91196177802,10
UTTAR PRADESH,SAHARANPUR,3593.542007692164,35627.0,11255.572694817214,10
UTTAR PRADESH,SAMBHAL,7621.474910647955,41912.0,13254.611945901148,10
UTTAR PRADESH,SANT KABIR NAGAR,8003.415507927692,39579.0,12362.934946129839,10
UTTAR PRADESH,SANT RAVIDAS NAGAR,5046.823172987517,19961.0,6521.179370563849,10
UTTAR PRADESH,SANT RAVIDAS NAGAR BHADOHI,2.198390692640692,9.214285714285714,3.4432280361595535,10
UTTAR PRADESH,SHAHJAHANPUR,4772.016076167662,47612.0,15052.438623922024,10
UTTAR PRADESH,SHAMLI,7060.4563771077155,26138.0,9990.406732619007,10
UTTAR PRADESH,SHRAVASTI,0.0,0.0,0.0,10
UTTAR PRADESH,SHRAWASTI,4456.985212383999,31601.0,9940.614061060662,10
UTTAR PRADESH,SIDDHARTH NAGAR,0.0,0.0,0.0,10
UTTAR PRADESH,SIDDHARTHNAGAR,5929.052025756912,34945.0,11555.164476166476,10
UTTAR PRADESH,SITAPUR,9219.831780142318,92090.0,29117.609963636394,10
UTTAR PRADESH,SONBHADRA,9139.551852370785,42252.0,13268.529766529022,10
UTTAR PRADESH,SULTANPUR,3040.6686447333764,30275.0,9569.171984483912,10
UTTAR PRADESH,UNNAO,35.796870986554794,260.47058823529414,79.2003036880017,10
UTTAR PRADESH,VARANASI,6314.172802133735,63019.0,19924.047444320884,10
UTTARAKHAND,ALMORA,2028.153458466099,7281.0,2453.7049085834083,10
UTTARAKHAND,BAGESHWAR,1516.0810957061099,4863.0,1725.6476319647331,10
UTTARAKHAND,CHAMOLI,2022.7985860519068,7989.0,2602.5990992043126,10
UTTARAKHAND,CHAMPAWAT,1635.3208534152022,5642.0,1951.8463241042555,10
UTTARAKHAND,DEHRADUN,35.75231698711947,158.74576271186442,45.39556459803343,10
UTTARAKHAND,GARHWAL,8.846,58.2,18.276221467007648,10
UTTARAKHAND,HARDWAR,7.787742248062015,50.0,15.542572754923201,10
UTTARAKHAND,HARIDWAR,3572.888870953511,12829.0,5666.028183093767,10
UTTARAKHAND,NAINITAL,3120.0407962783256,15698.0,5504.385240023865,10
UTTARAKHAND,PAURI GARHWAL,2559.3110906800644,7667.0,2922.831489507087,10
UTTARAKHAND,PITHORAGARH,2010.8806359876896,7103.0,2419.6951173969464,10
UTTARAKHAND,RUDRAPRAYAG,1512.833081362404,5426.0,1830.0937463801993,10
UTTARAKHAND,TEHRI GARHWAL,3408.616139540371,11376.0,4025.003598545791,10
UTTARAKHAND,UDHAM SINGH NAGAR,14386.09071991198,35426.0,15547.74407685671,10
UTTARAKHAND,UTTARKASHI,1538.8639245683917,4538.0,1812.035691934249,10
UTTARANCHAL,ALMORA,0.1,1.0,0.31622776601683794,10
UTTARANCHAL,GARHWAL,0.1,1.0,0.31622776601683794,10
UTTARANCHAL,TEHRI GARHWAL,0.2,2.0,0.6324555320336759,10
UTTARANCHAL,UDHAM SINGH NAGAR *,0.3,3.0,0.9486832980505139,10
WEST  BENGAL,HOOGHLY,5.5717948717948715,27.0,9.1395624630623,10
WEST BANGAL,HOOGHLY,5.4,22.5,7.915526233647107,10
WEST BANGAL,HOWRAH,5.225,27.0,9.159428960851702,10
WEST BANGAL,SOUTH 24 PARGANAS,1.4,7.0,2.5473297566057065,10
WEST BENGAL,24 PARAGANAS NORTH,0.0,0.0,0.0,10
WEST BENGAL,24 PARAGANAS SOUTH,0.0,0.0,0.0,10
WEST BENGAL,ALIPURDUAR,320.1255984020012,3146.0,992.9205576273885,10
WEST BENGAL,BALLY JAGACHHA,0.6,2.0,0.8432740427115678,10
WEST BENGAL,BANKURA,8652.675799510022,32224.0,10988.966949154956,10
WEST BENGAL,BARDDHAMAN,12934.35004696844,39004.0,14903.24561537479,10
WEST BENGAL,BARDHAMAN,619.2989196543483,2075.0,722.4234876456392,10
WEST BENGAL,BIRBHUM,4727.062846128399,36197.0,11570.636614959738,10
WEST BENGAL,BURDWAN,0.4333333333333333,4.0,1.2575696726151921,10
WEST BENGAL,COOCH BEHAR,3916.77717923932,20914.0,7078.146575136483,10
WEST BENGAL,COOCHBEHAR,0.0,0.0,0.0,10
WEST BENGAL,DAKSHIN DINAJPUR,4210.498207421178,17163.0,6162.908674887,10
WEST BENGAL,DARJEELING,1549.318696445606,15405.0,4868.395489070695,10
WEST BENGAL,DARJILING,150.2414224515668,389.0,149.9895728541845,10
WEST BENGAL,DINAJPUR DAKSHIN,0.0,0.0,0.0,10
WEST BENGAL,DINAJPUR UTTAR,0.0,0.0,0.0,10
WEST BENGAL,DOMJUR,0.5,3.0,0.97182531580755,10
WEST BENGAL,EAST MIDNAPORE,1466.2575625546042,4194.0,1622.624456198893,10
WEST BENGAL,EAST MIDNAPUR,2.95,10.0,4.126136207155551,10
WEST BENGAL,HAORA,1711.1786886021534,4985.0,1886.307148030533,10
WEST BENGAL,HAWRAH,3.5,17.0,6.114645442614713,10
WEST BENGAL,HOOGHIY,3.75,15.0,6.070191283824771,10
WEST BENGAL,HOOGHLY,10750.336270129637,49805.0,16450.382221455486,10
WEST BENGAL,HOWRAH,7047.052064016713,34603.0,11195.987653366998,10
WEST BENGAL,HUGLI,3.693774099883856,13.195121951219512,5.427348033694403,10
WEST BENGAL,JALPAIGURI,2972.957566544847,29541.0,9335.063550595205,10
WEST BENGAL,JHARGRAM,410.2111657292148,2505.0,775.9350859907772,10
WEST BENGAL,KALIMPONG,55.53032031638645,399.0,122.6314597680061,10
WEST BENGAL,KOCH BIHAR,717.3824636623973,2059.0,782.8862936458623,10
WEST BENGAL,KOLKATA,3143.5719230136187,31126.0,9832.183779605393,10
WEST BENGAL,MALDA,8574.39951805656,42583.0,14921.952372536172,10
WEST BENGAL,MALDAH,700.090495103114,2361.0,812.885415485162,10
WEST BENGAL,MEDINIPUR,3.46,16.2,5.514465824840456,10
WEST BENGAL,MEDINIPUR WEST,0.0,0.0,0.0,10
WEST BENGAL,MURSHIDABAD,26896.1127921572,75446.0,31120.108522749688,10
WEST BENGAL,NADIA,4728.345940708108,47102.0,14888.592192857344,10
WEST BENGAL,NAIHATI ANANDABAZAR,0.2,2.0,0.6324555320336759,10
WEST BENGAL,NORTH 24 PARGANAS,15468.74472331785,88347.0,29182.170233740337,10
WEST BENGAL,NORTH DINAJPUR,45.832017584236766,191.0,63.810829425590235,10
WEST BENGAL,NORTH TWENTY FOUR PARGANAS,755.0106299221484,2008.0,810.6087636200764,10
WEST BENGAL,PASCHIM BARDHAMAN,1105.2184252718105,5874.0,1806.5844884902554,10
WEST BENGAL,PASCHIM MEDINIPUR,11620.870244099307,42907.0,14820.017577291692,10
WEST BENGAL,PURBA BARDHAMAN,1726.8853394999132,10596.0,3326.3359811844207,10
WEST BENGAL,PURBA MEDINIPUR,10694.259104849727,38368.0,13177.366225618216,10
WEST BENGAL,PURULIA,182.4768727290827,556.0,203.64703095639703,10
WEST BENGAL,PURULIYA,8375.159472056874,28817.0,10050.146906282576,10
WEST BENGAL,SOUTH  TWENTY FOUR PARGANAS,0.5,3.0,1.0801234497346435,10
WEST BENGAL,SOUTH 24 PARGANA,2.85,14.0,5.110175035053974,10
WEST BENGAL,SOUTH 24 PARGANAS,28188.898166143288,91675.0,33883.57365577538,10
WEST BENGAL,SOUTH DINAJPUR,106.0898746867168,341.0,111.95988229370748,10
WEST BENGAL,SOUTH DUMDUM(M),1.4,7.0,2.3664319132398464,10
WEST BENGAL,SOUTH TWENTY FOUR PARGANAS,2015.6418586456075,5357.0,2212.8487976077245,10
WEST BENGAL,UTTAR DINAJPUR,11927.630969885475,60876.0,21126.309353984616,10
WEST BENGAL,WEST MEDINIPUR,1.4666666666666666,7.0,2.5151393452303843,10
WEST BENGAL,WEST MIDNAPORE,976.9595746261703,2762.0,1074.952370522896,10
WEST BENGLI,HOOGHLY,0.3,2.0,0.6749485577105528,10
WESTBENGAL,HOOGHLY,6.866666666666667,34.0,11.410629655536214,10
WESTBENGAL,HOWRAH,1.1,7.0,2.1832697191750423,10
