state,district,mean_bds,max_bds
ANDAMAN & NICOBAR ISLANDS,ANDAMANS,0.7110026991860798,0.9958333333333333
ANDAMAN & NICOBAR ISLANDS,NICOBARS,0.05,0.5
ANDAMAN & NICOBAR ISLANDS,SOUTH ANDAMAN,0.2051369139610535,0.5806451612903226
ANDAMAN AND NICOBAR ISLANDS,NICOBAR,0.6030482635817392,0.9932432432432432
ANDAMAN AND NICOBAR ISLANDS,NORTH AND MIDDLE ANDAMAN,0.547936469502633,0.9977973568281938
ANDAMAN AND NICOBAR ISLANDS,SOUTH ANDAMAN,0.5751888231182924,0.9985714285714286
ANDHRA PRADESH,ADILABAD,0.6428033236827994,0.9998278236914601
ANDHRA PRADESH,ALLURI SITHARAMA RAJU,0.570291935358506,0.9991158267020336
ANDHRA PRADESH,ANAKAPALLI,0.3557977512980417,0.997920997920998
ANDHRA PRADESH,ANANTAPUR,0.5696532756675439,0.9998424948810837
ANDHRA PRADESH,ANANTHAPUR,0.5829998165483556,0.9996055226824457
ANDHRA PRADESH,ANANTHAPURAMU,0.288088534757825,0.510498687664042
ANDHRA PRADESH,ANNAMAYYA,0.11584418605113714,0.17853705486044275
ANDHRA PRADESH,BAPATLA,0.22053521166386542,0.9939759036144579
ANDHRA PRADESH,CHITTOOR,0.38739451509583267,0.9023872679045093
ANDHRA PRADESH,CUDDAPAH,0.4932147350475281,0.9998246844319776
ANDHRA PRADESH,DR. B. R. AMBEDKAR KONASEEMA,0.29147640773527755,0.9959677419354839
ANDHRA PRADESH,EAST GODAVARI,0.4411524324883548,0.8788391462779802
ANDHRA PRADESH,ELURU,0.3596307292343033,0.9978401727861771
ANDHRA PRADESH,GUNTUR,0.39879151922428585,0.6991725768321513
ANDHRA PRADESH,HYDERABAD,0.6898340295921959,0.9999200319872051
ANDHRA PRADESH,K.V. RANGAREDDY,0.39838381131064055,0.9230769230769231
ANDHRA PRADESH,K.V.RANGAREDDY,0.31453130125688267,0.9230769230769231
ANDHRA PRADESH,KAKINADA,0.22417567868539084,0.998371335504886
ANDHRA PRADESH,KARIM NAGAR,0.6766742207276766,0.9915254237288136
ANDHRA PRADESH,KARIMNAGAR,0.6412934560469912,0.9993808049535604
ANDHRA PRADESH,KHAMMAM,0.5643615801685826,0.9997767857142857
ANDHRA PRADESH,KRISHNA,0.49237464253392516,0.9298419789856871
ANDHRA PRADESH,KURNOOL,0.39321931565431817,0.551860119047619
ANDHRA PRADESH,MAHABUB NAGAR,0.6522163250662909,0.9974747474747475
ANDHRA PRADESH,MAHABUBNAGAR,0.21039089559623947,0.7209302325581395
ANDHRA PRADESH,MAHBUBNAGAR,0.6412116989879527,0.9992337164750957
ANDHRA PRADESH,MEDAK,0.6448880225282945,0.9994720168954594
ANDHRA PRADESH,N. T. R,0.23143450381840705,0.9989417989417989
ANDHRA PRADESH,NALGONDA,0.5969507847537134,0.9997029114676174
ANDHRA PRADESH,NANDYAL,0.17031276512930119,0.463882618510158
ANDHRA PRADESH,NELLORE,0.5689876392849016,0.9998812210476303
ANDHRA PRADESH,NIZAMABAD,0.65142820956961,0.9989827060020345
ANDHRA PRADESH,PALNADU,0.22404740920096025,0.9974937343358395
ANDHRA PRADESH,PARVATHIPURAM MANYAM,0.4433169850945964,0.9984756097560976
ANDHRA PRADESH,PRAKASAM,0.48934390358559643,0.9998735297837359
ANDHRA PRADESH,RANGAREDDI,0.6721749341867608,0.9998446963814257
ANDHRA PRADESH,SPSR NELLORE,0.0,0.0
ANDHRA PRADESH,SRI POTTI SRIRAMULU NELLORE,0.2912536952028487,0.9984709480122325
ANDHRA PRADESH,SRI SATHYA SAI,0.2183180630387168,0.5038265306122449
ANDHRA PRADESH,SRIKAKULAM,0.40323640221645807,0.7477301571805135
ANDHRA PRADESH,TIRUPATI,0.21390624050374538,0.9982517482517482
ANDHRA PRADESH,VISAKHAPATANAM,0.0,0.0
ANDHRA PRADESH,VISAKHAPATNAM,0.45395683388678487,0.8759505703422054
ANDHRA PRADESH,VIZIANAGARAM,0.4962675342308839,0.9998333888703765
ANDHRA PRADESH,WARANGAL,0.6073775484461534,0.9998274374460742
ANDHRA PRADESH,WEST GODAVARI,0.4230546580320846,0.7586960038828668
ANDHRA PRADESH,Y. S. R,0.11871778384435347,0.22138836772983114
ARUNACHAL PRADESH,ANJAW,0.520915732039051,0.9901960784313726
ARUNACHAL PRADESH,CHANGLANG,0.522616410950526,0.9976190476190476
ARUNACHAL PRADESH,DIBANG VALLEY,0.577589144515615,0.9761904761904762
ARUNACHAL PRADESH,EAST KAMENG,0.6362514634182317,0.9959183673469387
ARUNACHAL PRADESH,EAST SIANG,0.5157199800524863,0.9950248756218906
ARUNACHAL PRADESH,KAMLE,0.25881063381063385,0.9743589743589743
ARUNACHAL PRADESH,KRA DAADI,0.5593697082785336,0.9880952380952381
ARUNACHAL PRADESH,KURUNG KUMEY,0.692921804302226,0.9981378026070763
ARUNACHAL PRADESH,LEPARADA,0.061111111111111116,0.5
ARUNACHAL PRADESH,LOHIT,0.5823936492160023,0.996742671009772
ARUNACHAL PRADESH,LONGDING,0.530564198500619,0.9945054945054945
ARUNACHAL PRADESH,LOWER DIBANG VALLEY,0.5543913266557201,0.9928571428571429
ARUNACHAL PRADESH,LOWER SIANG,0.16382665555003686,0.9090909090909091
ARUNACHAL PRADESH,LOWER SUBANSIRI,0.5243026360221178,0.9949238578680203
ARUNACHAL PRADESH,NAMSAI,0.5528413328177639,0.9975903614457832
ARUNACHAL PRADESH,PAKKE KESSANG,0.18850074947635923,0.8571428571428571
ARUNACHAL PRADESH,PAPUM PARE,0.5529572043290882,0.998546511627907
ARUNACHAL PRADESH,SHI-YOMI,0.6334735363439281,0.9736842105263158
ARUNACHAL PRADESH,SIANG,0.5024214231003867,0.9891304347826086
ARUNACHAL PRADESH,TAWANG,0.5221138901620138,0.9915966386554622
ARUNACHAL PRADESH,TIRAP,0.4987999016311157,0.989010989010989
ARUNACHAL PRADESH,UPPER SIANG,0.5330458751137533,0.9905660377358491
ARUNACHAL PRADESH,UPPER SUBANSIRI,0.5881949872344487,0.9965397923875432
ARUNACHAL PRADESH,WEST KAMENG,0.627257458106814,0.9984326018808778
ARUNACHAL PRADESH,WEST SIANG,0.4861622903737802,0.9950738916256158
ASSAM,BAJALI,0.009392650792189905,0.03488372093023256
ASSAM,BAKSA,0.5024034949623843,0.998324958123953
ASSAM,BARPETA,0.47453667830240587,0.9995659722222222
ASSAM,BISWANATH,0.48853852113280655,0.9969135802469136
ASSAM,BONGAIGAON,0.3621813219199271,0.9990384615384615
ASSAM,CACHAR,0.4730536469873748,0.9996512033484478
ASSAM,CHARAIDEO,0.4591545360535731,0.9966666666666667
ASSAM,CHIRANG,0.5592983385946403,0.99875
ASSAM,DARRANG,0.49578719455205694,0.9991532599491956
ASSAM,DHEMAJI,0.5031687908190218,0.9988998899889989
ASSAM,DHUBRI,0.3599923006696495,0.9994343891402715
ASSAM,DIBRUGARH,0.4836723216785789,0.9995606326889279
ASSAM,DIMA HASAO,0.021818276684555753,0.07692307692307693
ASSAM,GOALPARA,0.4127513035643222,0.9989473684210526
ASSAM,GOLAGHAT,0.4799997425062684,0.9989327641408752
ASSAM,HAILAKANDI,0.4534199085737286,0.998589562764457
ASSAM,HOJAI,0.48755416330824464,0.9992641648270787
ASSAM,JORHAT,0.4786616635569382,0.9985272459499264
ASSAM,KAMRUP,0.4242967036622172,0.9991850040749797
ASSAM,KAMRUP METRO,0.5097852356688577,0.9994212962962963
ASSAM,KARBI ANGLONG,0.5287129946704151,0.9993206521739131
ASSAM,KARIMGANJ,0.48285789140676716,0.9991836734693877
ASSAM,KOKRAJHAR,0.4506463014480186,0.9990645463049579
ASSAM,LAKHIMPUR,0.5097411051009373,0.9992050874403816
ASSAM,MAJULI,0.4886346154952702,0.9962825278810409
ASSAM,MARIGAON,0.4671622872489336,0.9991922455573505
ASSAM,NAGAON,0.5461339738600135,0.9998192008678358
ASSAM,NALBARI,0.48581075234261417,0.998389694041868
ASSAM,NORTH CACHAR HILLS,0.49231293975077667,0.9934640522875817
ASSAM,SIBSAGAR,0.46494272713795226,0.9976689976689976
ASSAM,SIVASAGAR,0.0,0.0
ASSAM,SONITPUR,0.4840325195077783,0.9992641648270787
ASSAM,SOUTH SALMARA MANKACHAR,0.3549772894887312,0.9938271604938271
ASSAM,SRIBHUMI,0.025669371573218303,0.07330567081604426
ASSAM,TAMULPUR DISTRICT,0.019194270511189774,0.08016877637130802
ASSAM,TINSUKIA,0.4495976666195693,0.9989690721649485
ASSAM,UDALGURI,0.5276057346860983,0.9986996098829649
ASSAM,WEST KARBI ANGLONG,0.6806587392711512,0.9947089947089947
BALANAGAR,IDPL COLONY,0.0,0.0
BIHAR,ARARIA,0.5151848859754501,0.9999220029638873
BIHAR,ARWAL,0.5443703554777438,0.9996281145407214
BIHAR,AURANGABAD,0.5103932275973871,0.9998513453248105
BIHAR,AURANGABAD(BH),0.08944746066843912,0.26587301587301587
BIHAR,BANKA,0.507520603912598,0.9998597672135745
BIHAR,BEGUSARAI,0.5193211293450706,0.9999155904448384
BIHAR,BHABUA,0.07247670807453417,0.2619047619047619
BIHAR,BHAGALPUR,0.48446662099405235,0.9999085421620633
BIHAR,BHOJPUR,0.500598616789743,0.9998763753245148
BIHAR,BUXAR,0.4977648632863966,0.9997870981477539
BIHAR,DARBHANGA,0.540368909657926,0.9999387630128598
BIHAR,EAST CHAMPARAN,0.505846102493847,0.9999378611818803
BIHAR,GAYA,0.5165003760982995,0.9999315865088595
BIHAR,GOPALGANJ,0.5109351475133485,0.9998828216545582
BIHAR,JAMUI,0.519473959383815,0.9997918401332223
BIHAR,JEHANABAD,0.5173102044032839,0.9996589358799455
BIHAR,KAIMUR (BHABUA),0.5344887631500774,0.9998247458815283
BIHAR,KATIHAR,0.5093960510068088,0.999935521310207
BIHAR,KHAGARIA,0.519976999043737,0.9998429648241206
BIHAR,KISHANGANJ,0.5122018629516312,0.9998878546596389
BIHAR,LAKHISARAI,0.5228624921154065,0.9997401922577293
BIHAR,MADHEPURA,0.5455217734217124,0.9999024199843872
BIHAR,MADHUBANI,0.5368705409061643,0.9999485040424326
BIHAR,MONGHYR,0.10156461387582669,0.3157894736842105
BIHAR,MUNGER,0.5144269651167832,0.9997504367357125
BIHAR,MUZAFFARPUR,0.5197474424398052,0.9999383705164551
BIHAR,NALANDA,0.5088036463380221,0.9998936509624587
BIHAR,NAWADA,0.5199975280934501,0.9998546934030805
BIHAR,PASHCHIM CHAMPARAN,0.1818572115012526,0.967741935483871
BIHAR,PATNA,0.5043638233873978,0.9999428962996803
BIHAR,PURBA CHAMPARAN,0.08194790449152686,0.2471264367816092
BIHAR,PURBI CHAMPARAN,0.0,0.0
BIHAR,PURNEA,0.6555238983264684,0.998330550918197
BIHAR,PURNIA,0.5577587808604328,0.9999432076328941
BIHAR,ROHTAS,0.5175015111230883,0.9998770138974296
BIHAR,SAHARSA,0.5872455347737999,0.9999122807017544
BIHAR,SAMASTIPUR,0.5131411966478528,0.9999398460057748
BIHAR,SAMSTIPUR,0.11611846358594233,0.3586206896551724
BIHAR,SARAN,0.5127949103993924,0.9999168952048533
BIHAR,SHEIKHPURA,0.5725300417798108,0.999675535366645
BIHAR,SHEIKPURA,0.1745539311615057,0.5342465753424658
BIHAR,SHEOHAR,0.5317398482936012,0.9996644295302013
BIHAR,SITAMARHI,0.4782549213831187,0.9999241964827168
BIHAR,SIWAN,0.5280632757627522,0.9999047981721249
BIHAR,SUPAUL,0.5287530934244741,0.9999066641777115
BIHAR,VAISHALI,0.5258189759089678,0.9999306085629034
BIHAR,WEST CHAMPARAN,0.49242709212225444,0.9999188443434507
CHANDIGARH,CHANDIGARH,0.23751341251668068,0.33173686434709115
CHANDIGARH,MOHALI,0.09,0.5
CHANDIGARH,RUPNAGAR,0.11333333333333333,0.5
CHHATISGARH,RAIPUR,0.09,0.5
CHHATTISGARH,BALOD,0.46659505279452346,0.8233834476718728
CHHATTISGARH,BALODA BAZAR,0.4165729658213503,0.8308394623383211
CHHATTISGARH,BALRAMPUR,0.41895668913417233,0.9997787610619469
CHHATTISGARH,BASTAR,0.46268266376631983,0.8598974587605885
CHHATTISGARH,BEMETARA,0.5451302755030281,0.9999231183209041
CHHATTISGARH,BIJAPUR,0.6179724857739536,0.999613601236476
CHHATTISGARH,BILASPUR,0.462414273435347,0.9999395733881201
CHHATTISGARH,DAKSHIN BASTAR DANTEWADA,0.7196150652843716,0.9998046493455753
CHHATTISGARH,DANTEWADA,0.772618646555977,0.9997968718261223
CHHATTISGARH,DHAMTARI,0.5616814792256986,0.9999022004889976
CHHATTISGARH,DURG,0.5421833704872839,0.9999367168712822
CHHATTISGARH,GARIYABAND,0.5925448682540722,0.9998326079678608
CHHATTISGARH,GAURELA-PENDRA-MARWAHI,0.4503410617930917,0.9976415094339622
CHHATTISGARH,GAURELLA PENDRA MARWAHI,0.0,0.0
CHHATTISGARH,JANJGIR - CHAMPA,0.1884231515342168,0.5260115606936416
CHHATTISGARH,JANJGIR CHAMPA,0.17420938808027583,0.4838709677419355
CHHATTISGARH,JANJGIR-CHAMPA,0.530152585318995,0.9033909574468085
CHHATTISGARH,JASHPUR,0.411366320518802,0.9000564652738566
CHHATTISGARH,KABEERDHAM,0.3916963579453136,0.9995625546806649
CHHATTISGARH,KANKER,0.58162042636379,0.9997766860205449
CHHATTISGARH,KAWARDHA,0.46027720650296844,0.9998248993171074
CHHATTISGARH,KHAIRAGARH CHHUIKHADAN GANDAI,0.13648381056741407,0.9975550122249389
CHHATTISGARH,KONDAGAON,0.5457767315351929,0.999843847595253
CHHATTISGARH,KORBA,0.44681987979695126,0.7157547688201585
CHHATTISGARH,KORIYA,0.5698848816132841,0.9998193641618497
CHHATTISGARH,MAHASAMUND,0.4153707275508052,0.7749380702072383
CHHATTISGARH,MANENDRAGARHCHIRMIRIBHARATPUR,0.29617927170868347,0.9915966386554622
CHHATTISGARH,MANENDRAGARH–CHIRMIRI–BHARATPUR,0.021766920724239747,0.1327334083239595
CHHATTISGARH,MOHALLA-MANPUR-AMBAGARH CHOWKI,0.10654681139755766,0.3333333333333333
CHHATTISGARH,MOHLA-MANPUR-AMBAGARH CHOUKI,0.28153929160071645,0.9987146529562982
CHHATTISGARH,MUNGELI,0.457141108085145,0.9998692468619247
CHHATTISGARH,NARAYANPUR,0.5839290696881317,0.9995949777237748
CHHATTISGARH,RAIGARH,0.6155671727066503,0.9999415273067478
CHHATTISGARH,RAIPUR,0.4744795291637625,0.7419564089257914
CHHATTISGARH,RAJNANDGAON,0.45892164623394116,0.8890882738629305
CHHATTISGARH,SAKTI,0.44536312531382655,0.9989177489177489
CHHATTISGARH,SARANGARH-BILAIGARH,0.052556393128987786,0.18181818181818182
CHHATTISGARH,SUKMA,0.5952910133475522,0.9996914532551682
CHHATTISGARH,SURAJPUR,0.563543478434852,0.9998734337425642
CHHATTISGARH,SURGUJA,0.3144693386039753,0.6007155247181266
CHHATTISGARH,UTTAR BASTAR KANKER,0.6417144809493969,0.9997931747673217
DADRA & NAGAR HAVELI,DADRA & NAGAR HAVELI,0.4185916296181495,0.9921259842519685
DADRA AND NAGAR HAVELI,DADRA AND NAGAR HAVELI,0.6975348161856385,0.9995600527936648
DADRA AND NAGAR HAVELI AND DAMAN AND DIU,DADRA AND NAGAR HAVELI,0.5506152205875303,0.9965277777777778
DADRA AND NAGAR HAVELI AND DAMAN AND DIU,DAMAN,0.4236050048940709,0.9841269841269841
DADRA AND NAGAR HAVELI AND DAMAN AND DIU,DIU,0.042640254482359745,0.16666666666666666
DAMAN & DIU,DAMAN,0.6864201815121096,0.9956896551724138
DAMAN & DIU,DIU,0.5723344374804217,0.9947368421052631
DAMAN AND DIU,DAMAN,0.6346069476260464,0.9950738916256158
DAMAN AND DIU,DIU,0.6517324585484524,0.9957446808510638
DARBHANGA,NEAR UNIVERSITY THANA,0.0,0.0
DELHI,CENTRAL DELHI,0.43233216699653926,0.9997829390058607
DELHI,EAST DELHI,0.2790501411975865,0.3988967810185885
DELHI,NAJAFGARH,0.519066616687563,0.9952380952380953
DELHI,NEW DELHI,0.46435162244239025,0.9969512195121951
DELHI,NORTH DELHI,0.29767237589933315,0.43305407463823303
DELHI,NORTH EAST,0.6799587202597829,0.9999159663865547
DELHI,NORTH EAST   *,0.0,0.0
DELHI,NORTH EAST DELHI,0.3362775418024066,0.43814820381782654
DELHI,NORTH WEST DELHI,0.3850863125854686,0.6211002553569446
DELHI,SHAHDARA,0.22513585065223546,0.9989059080962801
DELHI,SOUTH DELHI,0.36366587021185387,0.6138600557627062
DELHI,SOUTH EAST DELHI,0.5281515998456972,0.9848484848484849
DELHI,SOUTH WEST DELHI,0.3188364199389966,0.5951524836862432
DELHI,WEST DELHI,0.31417945588821417,0.6803688720692506
GOA,BARDEZ,0.1999313186813187,0.6428571428571429
GOA,BICHOLIM,0.0,0.0
GOA,NORTH GOA,0.5749790062432671,0.9996531390912244
GOA,SOUTH GOA,0.5521244095726576,0.9995431703974418
GOA,TISWADI,0.075,0.5
GUJARAT,AHMADABAD,0.6973802072354586,0.9996219281663516
GUJARAT,AHMEDABAD,0.4618585713252436,0.792295526434704
GUJARAT,AMRELI,0.5883372103605614,0.9998285910181693
GUJARAT,ANAND,0.6081905319364399,0.9999115357395613
GUJARAT,ARVALLI,0.608927106869621,0.9995265151515151
GUJARAT,BANAS KANTHA,0.28834838665723844,0.98989898989899
GUJARAT,BANASKANTHA,0.5255896948373106,0.9999279071444019
GUJARAT,BHARUCH,0.48361960589774056,0.9998391507157793
GUJARAT,BHAVNAGAR,0.5780150042856536,0.9999250431002173
GUJARAT,BOTAD,0.5425409322530522,0.9991039426523297
GUJARAT,CHHOTAUDEPUR,0.6141868677919191,0.9996405463695184
GUJARAT,DAHOD,0.6259288530742709,0.9998808246931236
GUJARAT,DANG,0.0,0.0
GUJARAT,DEVBHUMI DWARKA,0.564668536654329,0.9992559523809523
GUJARAT,DOHAD,0.674895408650808,0.9995224450811844
GUJARAT,GANDHINAGAR,0.3793461251067344,0.6086956521739131
GUJARAT,GIR SOMNATH,0.5497977820873104,0.999603489294211
GUJARAT,JAMNAGAR,0.5268768111576606,0.9998342724560823
GUJARAT,JUNAGADH,0.6319039818014989,0.9999176073164703
GUJARAT,KACHCHH,0.45225568210181066,0.9192382700470345
GUJARAT,KHEDA,0.603917428990998,0.9999095759110227
GUJARAT,MAHESANA,0.5354359954983876,0.9999062089664228
GUJARAT,MAHISAGAR,0.6315556155079338,0.9995249406175772
GUJARAT,MORBI,0.391731780012823,0.9993506493506493
GUJARAT,NARMADA,0.6016004343766116,0.9996761658031088
GUJARAT,NAVSARI,0.5450275562923684,0.999708284714119
GUJARAT,PANCH MAHALS,0.17360603864734298,0.4652777777777778
GUJARAT,PANCHMAHALS,0.6605906918286726,0.9999083409715857
GUJARAT,PATAN,0.5828370686117372,0.9998052201012856
GUJARAT,PORBANDAR,0.5606345343596828,0.9996519317786287
GUJARAT,RAJKOT,0.3736931821735943,0.6043991220047558
GUJARAT,SABAR KANTHA,0.18841616627116978,0.496875
GUJARAT,SABARKANTHA,0.5945378854645986,0.9999003289145819
GUJARAT,SURAT,0.2840098656145422,0.46417461769703305
GUJARAT,SURENDRA NAGAR,0.5827887684627748,0.9998525726079905
GUJARAT,SURENDRANAGAR,0.13468068485706525,0.4601226993865031
GUJARAT,TAPI,0.6608055061961442,0.9997269251774986
GUJARAT,THE DANGS,0.65992912317826,0.9995821145006268
GUJARAT,VADODARA,0.5845892222733677,0.9999434836667797
GUJARAT,VALSAD,0.5175592377737768,0.9998584371460929
HARYANA,AKHERA,0.05,0.5
HARYANA,AMBALA,0.5479061414403682,0.9253095975232198
HARYANA,BHIWANI,0.5894889406075086,0.8724149621426149
HARYANA,CHARKHI DADRI,0.4052587210664888,0.9986842105263158
HARYANA,FARIDABAD,0.2711837493007112,0.3827286039700618
HARYANA,FATEHABAD,0.483172481555145,0.8175540893048949
HARYANA,GURGAON,0.26158188372681523,0.6486909504837791
HARYANA,GURUGRAM,0.0,0.0
HARYANA,HISAR,0.47559877666410333,0.6667560321715817
HARYANA,JHAJJAR,0.49877238365251353,0.9997275946608554
HARYANA,JHAJJAR *,0.0,0.0
HARYANA,JIND,0.5372960923196383,0.6979953992770292
HARYANA,KAITHAL,0.5309236083860092,0.9583931133428981
HARYANA,KARNAL,0.5455132576138518,0.8212609845576316
HARYANA,KURUKSHETRA,0.5967720975581763,0.9997812773403325
HARYANA,MAHENDRAGARH,0.48765838524316985,0.7749701551929964
HARYANA,MEWAT,0.3196831769667325,0.595906432748538
HARYANA,NUH,0.0,0.0
HARYANA,PALWAL,0.3127811658641163,0.6974692361272348
HARYANA,PANCHKULA,0.35775412103173126,0.5845794392523365
HARYANA,PANIPAT,0.45754517886727564,0.9998101025446259
HARYANA,REWARI,0.3681750277866297,0.861154144074361
HARYANA,ROHTAK,0.6195545147407863,0.8741492537313433
HARYANA,SIRSA,0.4764640632731688,0.7198071514664524
HARYANA,SONIPAT,0.45213509606423763,0.845402448554311
HARYANA,YAMUNA NAGAR,0.5002012687045834,0.7727975270479135
HARYANA,YAMUNANAGAR,0.5953119942080376,0.989010989010989
HIMACHAL PRADESH,BILASPUR,0.6317298482452185,0.9994959677419355
HIMACHAL PRADESH,CHAMBA,0.5536209391942287,0.9996330275229358
HIMACHAL PRADESH,HAMIRPUR,0.6393235740983014,0.9994900560938297
HIMACHAL PRADESH,KANGRA,0.6081486429087133,0.9998594123435962
HIMACHAL PRADESH,KINNAUR,0.6606779032450076,0.9982993197278912
HIMACHAL PRADESH,KULLU,0.5636736281466269,0.9994040524433849
HIMACHAL PRADESH,LAHAUL AND SPITI,0.16160714285714287,0.5
HIMACHAL PRADESH,LAHUL & SPITI,0.34090929495037,0.9838709677419355
HIMACHAL PRADESH,LAHUL AND SPITI,0.38205095700201974,0.9767441860465116
HIMACHAL PRADESH,MANDI,0.6678959880059734,0.9998136067101584
HIMACHAL PRADESH,SHIMLA,0.5982630445984178,0.9996899224806202
HIMACHAL PRADESH,SIRMAUR,0.45740952294208537,0.9112818721620678
HIMACHAL PRADESH,SOLAN,0.6477513473577797,0.9996378123868164
HIMACHAL PRADESH,UNA,0.6404453493926806,0.9995493465525012
JAIPUR,NEAR MEERA HOSPITAL,0.0,0.0
JAMMU & KASHMIR,ANANTNAG,0.039285714285714285,0.25
JAMMU & KASHMIR,BADGAM,0.16666666666666666,0.6666666666666666
JAMMU & KASHMIR,BANDIPUR,0.05,0.5
JAMMU & KASHMIR,BARAMULA,0.11461104255221903,0.4411764705882353
JAMMU & KASHMIR,DODA,0.06999999999999999,0.5
JAMMU & KASHMIR,JAMMU,0.21033738044929967,0.6323529411764706
JAMMU & KASHMIR,KARGIL,0.03333333333333333,0.16666666666666666
JAMMU & KASHMIR,KATHUA,0.13239904112115064,0.6363636363636364
JAMMU & KASHMIR,KUPWARA,0.08095238095238096,0.3333333333333333
JAMMU & KASHMIR,LEH (LADAKH),0.08333333333333333,0.5
JAMMU & KASHMIR,PULWAMA,0.05,0.5
JAMMU & KASHMIR,PUNCH,0.1,0.75
JAMMU & KASHMIR,RAJAURI,0.15982142857142856,0.5
JAMMU & KASHMIR,SRINAGAR,0.18047619047619046,0.6666666666666666
JAMMU & KASHMIR,UDHAMPUR,0.215,0.75
JAMMU AND KASHMIR,?,0.05,0.5
JAMMU AND KASHMIR,ANANTNAG,0.399248818970869,0.6839513325608343
JAMMU AND KASHMIR,BADGAM,0.5539416693982108,0.9992795389048992
JAMMU AND KASHMIR,BANDIPORE,0.45048958744534484,0.999104744852283
JAMMU AND KASHMIR,BANDIPUR,0.0,0.0
JAMMU AND KASHMIR,BARAMULA,0.473988300342327,0.8809977481378832
JAMMU AND KASHMIR,BUDGAM,0.259928302563227,0.39755571531272466
JAMMU AND KASHMIR,DODA,0.6132123194855106,0.9995527728085868
JAMMU AND KASHMIR,GANDERBAL,0.494109930355959,0.9987484355444305
JAMMU AND KASHMIR,JAMMU,0.6018706411534926,0.9998835313300722
JAMMU AND KASHMIR,KARGIL,0.5431254896912058,0.9932885906040269
JAMMU AND KASHMIR,KATHUA,0.47415390203275587,0.9995219885277247
JAMMU AND KASHMIR,KISHTWAR,0.6126921312904021,0.9993634627625716
JAMMU AND KASHMIR,KULGAM,0.508687069056006,0.9994490358126722
JAMMU AND KASHMIR,KUPWARA,0.37200773388428215,0.6167140151515151
JAMMU AND KASHMIR,LEH,0.5554379363591362,0.9919354838709677
JAMMU AND KASHMIR,POONCH,0.0,0.0
JAMMU AND KASHMIR,PULWAMA,0.3678238171137115,0.5500502176096418
JAMMU AND KASHMIR,PUNCH,0.4982601267588763,0.9994114184814596
JAMMU AND KASHMIR,RAJOURI,0.6355780256200704,0.9996892479801118
JAMMU AND KASHMIR,RAMBAN,0.5716930228212729,0.9990356798457087
JAMMU AND KASHMIR,REASI,0.612495166099092,0.9993247805536799
JAMMU AND KASHMIR,SAMBA,0.4658351998731306,0.9985401459854014
JAMMU AND KASHMIR,SHOPIAN,0.0,0.0
JAMMU AND KASHMIR,SHUPIYAN,0.5136192781971932,0.9990253411306043
JAMMU AND KASHMIR,SRINAGAR,0.5318902010557556,0.9997527200791295
JAMMU AND KASHMIR,UDHAMPUR,0.5753159145065805,0.9996938150642989
JHARKHAND,BOKARO,0.5647404656425509,0.9999098611862268
JHARKHAND,BOKARO *,0.1,0.5
JHARKHAND,CHATRA,0.5549023314959469,0.9998195271611623
JHARKHAND,DEOGHAR,0.5238428897323281,0.9998302783435167
JHARKHAND,DHANBAD,0.5695567446041496,0.9999433748584371
JHARKHAND,DUMKA,0.5303971087568469,0.9998780190290315
JHARKHAND,EAST SINGHBHUM,0.5995842114979318,0.9999217037269026
JHARKHAND,EAST SINGHBUM,0.0,0.0
JHARKHAND,GARHWA,0.619878266105425,0.9998887405429462
JHARKHAND,GARHWA *,0.6862669909625785,0.9987849331713244
JHARKHAND,GIRIDIH,0.5172662363881172,0.9999003686360466
JHARKHAND,GODDA,0.5216257037500667,0.9998462011688711
JHARKHAND,GUMLA,0.5842606934730299,0.9998878546596389
JHARKHAND,HAZARIBAG,0.5237474439962408,0.9990069513406157
JHARKHAND,HAZARIBAGH,0.5232690340480979,0.999822695035461
JHARKHAND,JAMTARA,0.528707203429896,0.9997196523689375
JHARKHAND,KHUNTI,0.6062461781778425,0.9997960848287113
JHARKHAND,KODARMA,0.582887825827481,0.9984399375975039
JHARKHAND,KODERMA,0.559321819736139,0.9997278170930866
JHARKHAND,LATEHAR,0.5183652093696702,0.9996868149076104
JHARKHAND,LOHARDAGA,0.6083900757904296,0.9997739091114628
JHARKHAND,PAKAUR,0.474879127997753,0.9957446808510638
JHARKHAND,PAKUR,0.4759931463561401,0.9996423462088698
JHARKHAND,PALAMAU,0.5233145659200122,0.9965635738831615
JHARKHAND,PALAMU,0.5133935994742792,0.9998917514613552
JHARKHAND,PASHCHIMI SINGHBHUM,0.5712427091859518,0.9994788952579469
JHARKHAND,PURBI SINGHBHUM,0.710295758409792,0.9996347699050402
JHARKHAND,RAMGARH,0.5258199349074901,0.9996642041638684
JHARKHAND,RANCHI,0.549063048268206,0.999942568343671
JHARKHAND,SAHEBGANJ,0.49204018730805243,0.9997617913292044
JHARKHAND,SAHIBGANJ,0.5287309119074045,0.9938650306748467
JHARKHAND,SERAIKELA-KHARSAWAN,0.6013198222003142,0.9998583368749114
JHARKHAND,SIMDEGA,0.6073483301284957,0.9998689384010485
JHARKHAND,WEST SINGHBHUM,0.5890908310493378,0.9999138970208369
KARNATAKA,BAGALKOT,0.5025481441656273,0.9998213009292352
KARNATAKA,BAGALKOT *,0.6338303397011196,0.9947089947089947
KARNATAKA,BALLARI,0.3777793944714083,0.7176113360323887
KARNATAKA,BANGALORE,0.6892039535165423,0.9999594682230869
KARNATAKA,BANGALORE RURAL,0.28961740831977467,0.44932432432432434
KARNATAKA,BELAGAVI,0.4278292988431353,0.8441295546558705
KARNATAKA,BELGAUM,0.5974873693982745,0.9998927498927499
KARNATAKA,BELLARY,0.6346919553161705,0.9998009950248756
KARNATAKA,BENGALURU,0.33261151282717094,0.5354026981177801
KARNATAKA,BENGALURU RURAL,0.02865818392134182,0.14285714285714285
KARNATAKA,BENGALURU SOUTH,0.013339672804772726,0.04163623082542001
KARNATAKA,BENGALURU URBAN,0.0,0.0
KARNATAKA,BIDAR,0.5381656825595338,0.999810641923878
KARNATAKA,BIJAPUR,0.6055443972028545,0.9997994786444756
KARNATAKA,BIJAPUR(KAR),0.25476190476190474,0.7142857142857143
KARNATAKA,CHAMARAJANAGAR,0.6697361457694784,0.995049504950495
KARNATAKA,CHAMARAJANAGAR *,0.19534802491227504,0.7777777777777778
KARNATAKA,CHAMRAJANAGAR,0.5608313262881854,0.999400479616307
KARNATAKA,CHAMRAJNAGAR,0.6304937283281337,0.9935897435897436
KARNATAKA,CHICKMAGALUR,0.6266501474354937,0.9995180722891567
KARNATAKA,CHIKKABALLAPUR,0.43416595846855444,0.9996598639455783
KARNATAKA,CHIKKAMAGALURU,0.4530807929751538,0.9985955056179775
KARNATAKA,CHIKMAGALUR,0.6942878435582134,0.9924812030075187
KARNATAKA,CHITRADURGA,0.42168584336703613,0.7255389718076285
KARNATAKA,DAKSHINA KANNADA,0.5211601803814845,0.9997771339425006
KARNATAKA,DAVANAGERE,0.6780028130184194,0.9986979166666666
KARNATAKA,DAVANGERE,0.5856203990664846,0.9368680931107454
KARNATAKA,DHARWAD,0.4909044926209532,0.9998108925869894
KARNATAKA,GADAG,0.49895547104159865,0.9995629370629371
KARNATAKA,GADAG *,0.6276381930273074,0.9915966386554622
KARNATAKA,GULBARGA,0.6606485085155119,0.9998341625207297
KARNATAKA,HASAN,0.616673280548004,0.9988801791713325
KARNATAKA,HASSAN,0.3546300993751,0.646510388918487
KARNATAKA,HAVERI,0.40261473755247784,0.7062587794599656
KARNATAKA,HAVERI *,0.631935989339494,0.993421052631579
KARNATAKA,KALABURAGI,0.3992112213191709,0.6835507369134338
KARNATAKA,KODAGU,0.5463631436762044,0.9993045897079277
KARNATAKA,KOLAR,0.42835185610339666,0.8991456553448635
KARNATAKA,KOPPAL,0.42899892766497044,0.7773262032085562
KARNATAKA,MANDYA,0.49841282536236886,0.9997968718261223
KARNATAKA,MYSORE,0.6431129695811195,0.9998142299832807
KARNATAKA,MYSURU,0.420440277560351,0.9997435239805078
KARNATAKA,RAICHUR,0.5505711098506969,0.8655493951612904
KARNATAKA,RAMANAGAR,0.38965472293897147,0.7633639768471229
KARNATAKA,RAMANAGARA,0.0,0.0
KARNATAKA,SHIMOGA,0.6060919812623593,0.9996347699050402
KARNATAKA,SHIVAMOGGA,0.4309109761282729,0.9994432071269488
KARNATAKA,TUMAKURU,0.4231211046935863,0.8045540796963947
KARNATAKA,TUMKUR,0.648340632063211,0.999825021872266
KARNATAKA,UDUPI,0.5205694935896743,0.9995855781185247
KARNATAKA,UDUPI *,0.03333333333333333,0.3333333333333333
KARNATAKA,UTTARA KANNADA,0.5066914765830633,0.999657416923604
KARNATAKA,VIJAYANAGARA,0.50032589885963,0.9996615905245347
KARNATAKA,VIJAYAPURA,0.48736861953179555,0.9995300751879699
KARNATAKA,YADGIR,0.5282744248660889,0.8783685360524399
KERALA,ALAPPUZHA,0.613228427212842,0.9998870822041553
KERALA,ERNAKULAM,0.5995588947030505,0.999928850942725
KERALA,IDUKKI,0.6422280418167688,0.9997858213750268
KERALA,KANNUR,0.6051076192153282,0.9999087008125628
KERALA,KASARAGOD,0.5951270198599513,0.9998352824905288
KERALA,KASARGOD,0.5814794934181429,0.9933333333333333
KERALA,KOLLAM,0.6088248082362074,0.9999221183800623
KERALA,KOTTAYAM,0.6350538532772907,0.9998743244941561
KERALA,KOZHIKODE,0.5803238193019006,0.9999436333915789
KERALA,MALAPPURAM,0.5575363707702918,0.9999517024873219
KERALA,PALAKKAD,0.6509637823786114,0.999937035637829
KERALA,PATHANAMTHITTA,0.6525318669688392,0.9998516760605162
KERALA,THIRUVANANTHAPURAM,0.604722499883795,0.99993424513414
KERALA,THRISSUR,0.6316714089998593,0.9999241734910524
KERALA,WAYANAD,0.6164626113213867,0.9997395154988278
LADAKH,KARGIL,0.5119597734431098,0.9962264150943396
LADAKH,LEH,0.5266659880981834,0.9969788519637462
LAKSHADWEEP,LAKSHADWEEP,0.6817027625648475,0.9978768577494692
MADANAPALLE,KADIRI ROAD,0.0,0.0
MADHYA PRADESH,AGAR MALWA,0.5305438588186339,0.9991251093613298
MADHYA PRADESH,ALIRAJPUR,0.602030748318373,0.9997630331753554
MADHYA PRADESH,ANUPPUR,0.5631692813036399,0.914853195164076
MADHYA PRADESH,ASHOK NAGAR,0.38367493641895745,0.5599939704552306
MADHYA PRADESH,ASHOKNAGAR,0.0,0.0
MADHYA PRADESH,BALAGHAT,0.40981136304829596,0.6116779623147389
MADHYA PRADESH,BARWANI,0.43314120618357793,0.7593856655290102
MADHYA PRADESH,BETUL,0.6264174179316487,0.8940552666462731
MADHYA PRADESH,BHIND,0.4193586739089722,0.9996666666666667
MADHYA PRADESH,BHOPAL,0.49265512670944417,0.7381079198590569
MADHYA PRADESH,BURHANPUR,0.668610465373405,0.9998302783435167
MADHYA PRADESH,CHHATARPUR,0.47897362729279547,0.7946776446372124
MADHYA PRADESH,CHHINDWARA,0.464224595780278,0.5703230561356099
MADHYA PRADESH,DAMOH,0.4989911508768216,0.8692868840256067
MADHYA PRADESH,DATIA,0.42923464789354837,0.9995746490854955
MADHYA PRADESH,DEWAS,0.5683210616101514,0.9998720245712823
MADHYA PRADESH,DHAR,0.43181138090190807,0.7420464973998164
MADHYA PRADESH,DINDORI,0.3695884783187751,0.4712130356065178
MADHYA PRADESH,EAST NIMAR,0.7058890062084509,0.9998027224304596
MADHYA PRADESH,GUNA,0.4835710577923151,0.8929976396538158
MADHYA PRADESH,GWALIOR,0.42036135694189725,0.8087472201630838
MADHYA PRADESH,HARDA,0.6210906296932094,0.9996217851739788
MADHYA PRADESH,HARDA *,0.7285288280525057,0.9993247805536799
MADHYA PRADESH,HOSHANGABAD,0.7424592429676381,0.9998723675813657
MADHYA PRADESH,INDORE,0.3704419353390028,0.46675346832487763
MADHYA PRADESH,JABALPUR,0.46222631556353855,0.748476303101974
MADHYA PRADESH,JHABUA,0.5422147394648056,0.9998402811052548
MADHYA PRADESH,KATNI,0.45669545593855654,0.9998023324767741
MADHYA PRADESH,KHANDWA,0.597394414253089,0.9996724533245988
MADHYA PRADESH,KHARGONE,0.638741894706149,0.9999078001106398
MADHYA PRADESH,MAIHAR,0.3954135473565948,0.9959677419354839
MADHYA PRADESH,MANDLA,0.33111476211768176,0.4872813004094801
MADHYA PRADESH,MANDSAUR,0.4838853501331427,0.8639976875270993
MADHYA PRADESH,MAUGANJ,0.3840645982916883,0.9838709677419355
MADHYA PRADESH,MORENA,0.3486275177822621,0.6699439583128503
MADHYA PRADESH,NARMADAPURAM,0.48512074034534997,0.9988950276243094
MADHYA PRADESH,NARSIMHAPUR,0.6383901313826822,0.9992872416250891
MADHYA PRADESH,NARSINGHPUR,0.5003244907760139,0.999715343011671
MADHYA PRADESH,NEEMUCH,0.3659783802175141,0.66341280270321
MADHYA PRADESH,NIWARI,0.4959585538929641,0.9947643979057592
MADHYA PRADESH,PANDHURNA,0.19586223469625003,0.9855072463768116
MADHYA PRADESH,PANNA,0.5071512001815703,0.9998394863563402
MADHYA PRADESH,RAISEN,0.5276213841743862,0.8436472346786248
MADHYA PRADESH,RAJGARH,0.6332232466672705,0.9999094366962507
MADHYA PRADESH,RATLAM,0.39550939565153803,0.5278044103547459
MADHYA PRADESH,REWA,0.5032328544965445,0.906839429227489
MADHYA PRADESH,SAGAR,0.466130164384943,0.8117488990072405
MADHYA PRADESH,SATNA,0.47401300070895414,0.6800237711180915
MADHYA PRADESH,SEHORE,0.6419777263407654,0.8811655901350558
MADHYA PRADESH,SEONI,0.3705455738129618,0.6077722021239351
MADHYA PRADESH,SHAHDOL,0.47790991036375247,0.9192890442890443
MADHYA PRADESH,SHAJAPUR,0.6233221516161389,0.999870566916904
MADHYA PRADESH,SHEOPUR,0.4041915665974763,0.9996203492786636
MADHYA PRADESH,SHIVPURI,0.5699968988268299,0.9999223481907128
MADHYA PRADESH,SIDHI,0.4870522221918138,0.999846508058327
MADHYA PRADESH,SINGRAULI,0.4071266728731553,0.9996627318718381
MADHYA PRADESH,TIKAMGARH,0.5824273837401048,0.9998962870773699
MADHYA PRADESH,UJJAIN,0.446005435470326,0.6719365456213241
MADHYA PRADESH,UMARIA,0.45617239865498005,0.9994879672299027
MADHYA PRADESH,VIDISHA,0.5253084617509277,0.6901850449085597
MADHYA PRADESH,WEST NIMAR,0.7378279338292579,0.9992223950233281
MAHARASHTRA,AHILYANAGAR,0.0007158836689038032,0.0071588366890380315
MAHARASHTRA,AHMADNAGAR,0.5940904944105782,0.9999638819662657
MAHARASHTRA,AHMED NAGAR,0.668842212843067,0.9977528089887641
MAHARASHTRA,AHMEDNAGAR,0.0,0.0
MAHARASHTRA,AKOLA,0.6925666096843675,0.9999391875456093
MAHARASHTRA,AMRAVATI,0.6985951387161873,0.9999565915700829
MAHARASHTRA,AURANGABAD,0.6028711437922316,0.9999666444296198
MAHARASHTRA,BEED,0.5145247715818753,0.8944525076600548
MAHARASHTRA,BHANDARA,0.6666588180230771,0.999881838591516
MAHARASHTRA,BID,0.5634542913517951,0.999245283018868
MAHARASHTRA,BULDANA,0.70421388978887,0.999702646446625
MAHARASHTRA,BULDHANA,0.6335162268053003,0.9999328994162249
MAHARASHTRA,CHANDRAPUR,0.6219251155358367,0.9711942809083264
MAHARASHTRA,CHATRAPATI SAMBHAJI NAGAR,0.384857061660716,0.9966329966329966
MAHARASHTRA,CHHATRAPATI SAMBHAJINAGAR,0.4536154864309371,0.9987639060568603
MAHARASHTRA,DHARASHIV,0.4331257412772608,0.987012987012987
MAHARASHTRA,DHULE,0.6690275863567299,0.9999331863432885
MAHARASHTRA,DIST : THANE,0.0,0.0
MAHARASHTRA,GADCHIROLI,0.6671813628691414,0.9140078282528763
MAHARASHTRA,GONDIA,0.1874274337426492,0.504424778761062
MAHARASHTRA,GONDIYA,0.5589652326593304,0.9998341625207297
MAHARASHTRA,GONDIYA *,0.17372190151745828,0.5582655826558266
MAHARASHTRA,HINGOLI,0.5786330416063297,0.9999107859755554
MAHARASHTRA,HINGOLI *,0.2333333333333333,0.6666666666666666
MAHARASHTRA,JALGAON,0.6515305755433479,0.9999676689298416
MAHARASHTRA,JALNA,0.6453797601122473,0.9999488124488124
MAHARASHTRA,KOLHAPUR,0.6128850760488319,0.9999487074271646
MAHARASHTRA,LATUR,0.5951373973635838,0.999959763408844
MAHARASHTRA,MUMBAI,0.6768738411823574,0.9999738486885117
MAHARASHTRA,MUMBAI CITY,0.32475146866803983,0.7211670795485824
MAHARASHTRA,MUMBAI SUBURBAN,0.33151361987782213,0.6923575129533679
MAHARASHTRA,MUMBAI( SUB URBAN ),0.41975280773655443,0.9946808510638298
MAHARASHTRA,NAGPUR,0.5990508639629737,0.9126187874573689
MAHARASHTRA,NANDED,0.6039102752516575,0.9999650984224487
MAHARASHTRA,NANDURBAR,0.699697500753679,0.9230067581574692
MAHARASHTRA,NANDURBAR *,0.29454093451294105,0.8085642317380353
MAHARASHTRA,NASHIK,0.6304377306593165,0.9999675092598609
MAHARASHTRA,OSMANABAD,0.5625418071600244,0.9999300748199427
MAHARASHTRA,PALGHAR,0.45840875395962194,0.9998849649142989
MAHARASHTRA,PARBHANI,0.5875913158148963,0.9999444907021926
MAHARASHTRA,PUNE,0.4656378095624591,0.8143428936835374
MAHARASHTRA,RAIGAD,0.20213019400158933,0.4012382075471698
MAHARASHTRA,RAIGARH,0.5938820667128487,0.9999171224929554
MAHARASHTRA,RAIGARH(MH),0.15588255241933888,0.5523255813953488
MAHARASHTRA,RATNAGIRI,0.6636034645734138,0.9999036887219493
MAHARASHTRA,SANGLI,0.643647802648214,0.9999366326595273
MAHARASHTRA,SATARA,0.6082504755601151,0.9999297555493116
MAHARASHTRA,SINDHUDURG,0.6103818288412858,0.999670510708402
MAHARASHTRA,SOLAPUR,0.5486960957201054,0.9999602685843697
MAHARASHTRA,THANE,0.4581073910526441,0.7314358435681965
MAHARASHTRA,WARDHA,0.7228489371398483,0.9998889629136132
MAHARASHTRA,WASHIM,0.683957739317904,0.9999114574110147
MAHARASHTRA,WASHIM *,0.21175965301073055,0.6848484848484848
MAHARASHTRA,YAVATMAL,0.6383014918579144,0.9999578432612453
MANIPUR,BISHNUPUR,0.48084680261150525,0.9997297297297297
MANIPUR,CHANDEL,0.5216120943126538,0.9984984984984985
MANIPUR,CHURACHANDPUR,0.49458526958656546,0.9992537313432835
MANIPUR,IMPHAL EAST,0.5318450768452097,0.9998563631140477
MANIPUR,IMPHAL WEST,0.5274987606718605,0.9998760228118027
MANIPUR,JIRIBAM,0.5264951601412979,0.9968553459119497
MANIPUR,KAKCHING,0.5183896237179865,0.9968152866242038
MANIPUR,KANGPOKPI,0.0,0.0
MANIPUR,PHERZAWL,0.0,0.0
MANIPUR,SENAPATI,0.513127649126532,0.9992805755395684
MANIPUR,TAMENGLONG,0.5097722772452695,0.9984399375975039
MANIPUR,THOUBAL,0.4943817891732549,0.999890996293874
MANIPUR,UKHRUL,0.547043552363598,0.9992313604919293
MEGHALAYA,EAST GARO HILLS,0.4539365219778345,0.9967948717948718
MEGHALAYA,EAST JAINTIA HILLS,0.45924072063786303,0.991869918699187
MEGHALAYA,EAST KHASI HILLS,0.5325763588632257,0.9994977398292315
MEGHALAYA,EASTERN WEST KHASI HILLS,0.007987683233584873,0.03278688524590164
MEGHALAYA,JAINTIA HILLS,0.0711111111111111,0.3333333333333333
MEGHALAYA,KAMRUP,0.0,0.0
MEGHALAYA,NORTH GARO HILLS,0.4226036784641585,0.9855072463768116
MEGHALAYA,RI BHOI,0.4599987895554493,0.9955357142857143
MEGHALAYA,SOUTH GARO HILLS,0.4391341192110979,0.9946808510638298
MEGHALAYA,SOUTH WEST GARO HILLS,0.4814784572310941,0.9971910112359551
MEGHALAYA,SOUTH WEST KHASI HILLS,0.5292559516630111,0.9953488372093023
MEGHALAYA,WEST GARO HILLS,0.5701835145105928,0.9998082454458294
MEGHALAYA,WEST JAINTIA HILLS,0.4711065385564601,0.9965034965034965
MEGHALAYA,WEST KHASI HILLS,0.4644011204415183,0.9978768577494692
MIZORAM,AIZAWL,0.5538140103909636,0.999412455934195
MIZORAM,CHAMPHAI,0.41073616618021475,0.9989648033126294
MIZORAM,HNAHTHIAL,0.06445119208277103,0.25
MIZORAM,KHAWZAWL,0.02,0.2
MIZORAM,KOLASIB,0.4344585486585101,0.9975903614457832
MIZORAM,LAWNGTLAI,0.4979393047505963,0.9982363315696648
MIZORAM,LUNGLEI,0.5141439937373662,0.9990958408679927
MIZORAM,MAMIT,0.5633350174069898,0.9980430528375733
MIZORAM,MAMMIT,0.5848108381283226,0.997093023255814
MIZORAM,SAIHA,0.5298949612425068,0.9959677419354839
MIZORAM,SAITUAL,0.22356361775479422,0.9411764705882353
MIZORAM,SERCHHIP,0.587369531017935,0.9965397923875432
NAGALAND,CHUMUKEDIMA,0.42242073891478665,0.9902912621359223
NAGALAND,DIMAPUR,0.65113393362215,0.9995251661918328
NAGALAND,KIPHIRE,0.5968607627666985,0.9979838709677419
NAGALAND,KOHIMA,0.7007758836932417,0.9993975903614458
NAGALAND,LONGLENG,0.6347036899567968,0.9975369458128078
NAGALAND,MELURI,0.3505584883381588,0.9122137404580153
NAGALAND,MOKOKCHUNG,0.6575101978359907,0.999194847020934
NAGALAND,MON,0.6457544764135102,0.9993544222078761
NAGALAND,NIULAND,0.2875258556048445,0.9846153846153847
NAGALAND,NOKLAK,0.6091344284375391,0.9896907216494846
NAGALAND,PEREN,0.6193633908278205,0.9981684981684982
NAGALAND,PHEK,0.7286709162173939,0.9993098688750862
NAGALAND,SHAMATOR,0.1700085411213666,0.98
NAGALAND,TSEMINYU,0.3037854546590796,0.9821428571428571
NAGALAND,TUENSANG,0.6176158337034053,0.9992779783393502
NAGALAND,WOKHA,0.680299905460253,0.9987129987129987
NAGALAND,ZUNHEBOTO,0.6731005557827975,0.9991119005328597
NAGPUR,NEAR UDAY NAGAR NIT GARDEN,0.0,0.0
ODISHA,ANGUL,0.588164191667776,0.9997727789138832
ODISHA,ANUGAL,0.08333333333333333,0.5
ODISHA,ANUGUL,0.6532270345285697,0.9934640522875817
ODISHA,BALANGIR,0.5778954688820808,0.9998103546368291
ODISHA,BALESHWAR,0.6529559608862299,0.9994974874371859
ODISHA,BALESWAR,0.5947974252449734,0.9998384491114701
ODISHA,BALIANTA,0.0,0.0
ODISHA,BARGARH,0.5947061308310133,0.9998080982536941
ODISHA,BAUDH,0.7173319799837545,0.9988372093023256
ODISHA,BHADRAK,0.5865462812645348,0.9998381353188734
ODISHA,BHADRAK(R),0.0,0.0
ODISHA,BOUDH,0.6106607399589294,0.9994117647058823
ODISHA,CUTTACK,0.6205434174412209,0.9999010586722074
ODISHA,DEBAGARH,0.5720375462848465,0.9991341991341991
ODISHA,DHENKANAL,0.6029516008255895,0.9998213966779782
ODISHA,GAJAPATI,0.6170613896414106,0.9997751798561151
ODISHA,GANJAM,0.5721453031099772,0.9999145737228772
ODISHA,JAGATSINGHAPUR,0.6387158889267486,0.9996590521650187
ODISHA,JAGATSINGHPUR,0.7044805547351259,0.9990196078431373
ODISHA,JAJAPUR,0.6072420310660495,0.9997689997689998
ODISHA,JAJPUR,0.548332886590844,0.9996121024049651
ODISHA,JHARSUGUDA,0.5566256535255242,0.9994086339444116
ODISHA,KALAHANDI,0.58731470006187,0.999867056633874
ODISHA,KANDHAMAL,0.5496317846076868,0.9997697974217311
ODISHA,KENDRAPARA,0.5813468144505332,0.9998187092095722
ODISHA,KENDUJHAR,0.5846982280515605,0.9998692126602144
ODISHA,KHORDA,0.5998314953296974,0.9998549883990719
ODISHA,KHORDHA,0.6996195137807937,0.9989795918367347
ODISHA,KORAPUT,0.6152170682137796,0.9998856227839414
ODISHA,MALKANGIRI,0.5574911289423531,0.9996121024049651
ODISHA,MAYURBHANJ,0.5891371467213349,0.9999150526673463
ODISHA,NABARANGAPUR,0.576722001159488,0.99986753212346
ODISHA,NABARANGPUR,0.0,0.0
ODISHA,NAYAGARH,0.6119833277137497,0.9997744191292578
ODISHA,NUAPADA,0.6074973016189268,0.999738082765846
ODISHA,PURI,0.5945534820932619,0.9997840639170805
ODISHA,RAYAGADA,0.5741016054889614,0.9997773820124666
ODISHA,SAMBALPUR,0.564912328958972,0.9997084548104956
ODISHA,SONAPUR,0.5633151068397335,0.9993909866017052
ODISHA,SUBARNAPUR,0.574955594130517,0.9984962406015038
ODISHA,SUNDARGARH,0.6575164829451154,0.9993485342019544
ODISHA,SUNDERGARH,0.5954127295492049,0.9998425692695214
ORISSA,ANGUL,0.0,0.0
ORISSA,ANUGUL,0.17813405434184892,0.5737704918032787
ORISSA,ANUGUL  *,0.05,0.5
ORISSA,BALANGIR,0.6702415116498102,0.999514091350826
ORISSA,BALESHWAR,0.685348193873408,0.9966216216216216
ORISSA,BALESWAR,0.13166666666666665,0.4
ORISSA,BARGARH,0.5357113158255222,0.9915966386554622
ORISSA,BAUDH,0.16999999999999998,0.5
ORISSA,BHADRAK,0.6707459745483375,0.9984051036682615
ORISSA,CUTTACK,0.7178648955545384,0.9988023952095808
ORISSA,DEBAGARH,0.06190476190476191,0.3333333333333333
ORISSA,DHENKANAL,0.675903628056823,0.9952380952380953
ORISSA,GAJAPATI,0.19178164043375853,0.631578947368421
ORISSA,GANJAM,0.6523411023597981,0.9985528219971056
ORISSA,JAGATSINGHAPUR,0.27225823728644033,0.7450980392156863
ORISSA,JAJAPUR,0.5790653084741451,0.9861111111111112
ORISSA,JAJAPUR  *,0.0,0.0
ORISSA,JHARSUGUDA,0.11708485958485959,0.4222222222222222
ORISSA,KALAHANDI,0.13305555555555554,0.4
ORISSA,KANDHAMAL,0.16678072298344385,0.5053763440860215
ORISSA,KENDRAPARA,0.1839019826976685,0.5188679245283019
ORISSA,KENDRAPARA *,0.0,0.0
ORISSA,KENDUJHAR,0.22693799883239735,0.9821428571428571
ORISSA,KHORDA,0.05,0.25
ORISSA,KHORDHA,0.7350790558156367,0.9994040524433849
ORISSA,KHORDHA  *,0.05,0.5
ORISSA,KORAPUT,0.6607774487946545,0.9924242424242424
ORISSA,MALKANGIRI,0.2577558359163115,0.9655172413793104
ORISSA,MAYURBHANJ,0.21235659093530157,0.64
ORISSA,NABARANGAPUR,0.17023809523809524,0.6666666666666666
ORISSA,NAYAGARH,0.5061619997263198,0.9878048780487805
ORISSA,NUAPADA,0.075,0.5
ORISSA,PURI,0.6566067967159374,0.9977477477477478
ORISSA,RAYAGADA,0.6530187960739186,0.9962546816479401
ORISSA,SAMBALPUR,0.12747012377294067,0.3333333333333333
ORISSA,SONAPUR,0.14404761904761904,0.5333333333333333
ORISSA,SUBARNAPUR,0.10646116335771509,0.2777777777777778
ORISSA,SUNDARGARH,0.5052235090020902,0.9925925925925926
ORISSA,SUNDERGARH,0.08333333333333333,0.5
PONDICHERRY,CUDDALORE,0.2,0.6666666666666666
PONDICHERRY,KARAIKAL,0.3874516387895427,0.9943820224719101
PONDICHERRY,PONDICHERRY,0.7525897299615882,0.9995567375886525
PONDICHERRY,VILUPPURAM,0.18333333333333332,0.6666666666666666
PONDICHERRY,YANAM,0.13825953918801565,0.46938775510204084
PUDUCHERRY,KARAIKAL,0.6549808475901104,0.9990740740740741
PUDUCHERRY,PONDICHERRY,0.25318295739348373,0.7142857142857143
PUDUCHERRY,PUDUCHERRY,0.4816845189226416,0.9993288590604027
PUDUCHERRY,YANAM,0.15480473427281938,0.6590909090909091
PUNJAB,AMRITSAR,0.47151239125858824,0.999928479473609
PUNJAB,BARNALA,0.5955427782721635,0.9996898263027295
PUNJAB,BATHINDA,0.5699388930242179,0.999847723465814
PUNJAB,FARIDKOT,0.6061660664982298,0.9996885705387729
PUNJAB,FATEHGARH SAHIB,0.5762253470059906,0.9995985547972702
PUNJAB,FAZILKA,0.5209891598201871,0.9997436554729556
PUNJAB,FEROZEPUR,0.5330416806889036,0.9997310381925767
PUNJAB,FIROZPUR,0.6329881537745672,0.9992647058823529
PUNJAB,GURDASPUR,0.5030185564393468,0.8482326538245746
PUNJAB,HOSHIARPUR,0.5182444551914682,0.8434713914908024
PUNJAB,JALANDHAR,0.616354905076521,0.999919935948759
PUNJAB,KAPURTHALA,0.66136038180568,0.9998147462022972
PUNJAB,LUDHIANA,0.4591840892284642,0.7716640547913401
PUNJAB,MALERKOTLA,0.4623676946170062,0.9991980753809142
PUNJAB,MANSA,0.5701904115305164,0.9997789078045545
PUNJAB,MOGA,0.5812144264333154,0.9998032270759544
PUNJAB,MUKTSAR,0.6864057650275492,0.9991212653778558
PUNJAB,NAWANSHAHR,0.3257947863168066,0.9926470588235294
PUNJAB,PATHANKOT,0.4747514239204299,0.9992841803865425
PUNJAB,PATIALA,0.39367320856023336,0.5433844848313415
PUNJAB,RUPNAGAR,0.6345991625782622,0.9997416020671834
PUNJAB,S.A.S NAGAR,0.0,0.0
PUNJAB,S.A.S NAGAR(MOHALI),0.5597460878259362,0.9972826086956522
PUNJAB,SANGRUR,0.6086812379393901,0.999870214146658
PUNJAB,SAS NAGAR (MOHALI),0.31511730083508366,0.5835461510397665
PUNJAB,SHAHEED BHAGAT SINGH NAGAR,0.677003914416079,0.9996582365003418
PUNJAB,SRI MUKTSAR SAHIB,0.5952518685330339,0.9997550820475141
PUNJAB,TARN TARAN,0.6055812150477718,0.9998752027954574
PUTTENAHALLI,5TH CROSS,0.0,0.0
RAJA ANNAMALAI PURAM,NEAR DHYANA ASHRAM,0.0,0.0
RAJASTHAN,AJMER,0.37829927240940575,0.6889887640449438
RAJASTHAN,ALWAR,0.48885232523651184,0.9999175393749484
RAJASTHAN,BALOTRA,0.0014705882352941176,0.014705882352941176
RAJASTHAN,BANSWARA,0.48309716235961925,0.9998130491680688
RAJASTHAN,BARAN,0.44788754242233253,0.7937276362870974
RAJASTHAN,BARMER,0.5295941859772775,0.9998682997497695
RAJASTHAN,BEAWAR,0.0013729977116704805,0.013729977116704805
RAJASTHAN,BHARATPUR,0.4876964419170002,0.9998638344226579
RAJASTHAN,BHILWARA,0.5212889579692163,0.9998477002741395
RAJASTHAN,BIKANER,0.4689267169984063,0.7648263662601248
RAJASTHAN,BUNDI,0.5001442946442431,0.9996971532404604
RAJASTHAN,CHITTAURGARH,0.6219403389533024,0.9959514170040485
RAJASTHAN,CHITTORGARH,0.47472189463843906,0.9996996996996997
RAJASTHAN,CHURU,0.49269206918677105,0.8253518168452005
RAJASTHAN,DAUSA,0.5709948195197057,0.9998230088495575
RAJASTHAN,DEEG,0.04064524249098691,0.13367174280879865
RAJASTHAN,DHAULPUR,0.21900927695828348,0.9878048780487805
RAJASTHAN,DHOLPUR,0.36800909644127255,0.9996450124245652
RAJASTHAN,DIDWANA-KUCHAMAN,0.0029257720787430014,0.02040816326530612
RAJASTHAN,DUNGARPUR,0.5347806558620114,0.9997839706200043
RAJASTHAN,GANGANAGAR,0.49771945478733287,0.8892015135344912
RAJASTHAN,HANUMANGARH,0.45625348108266817,0.9179248313523932
RAJASTHAN,JAIPUR,0.415512220347931,0.6820610029295192
RAJASTHAN,JAISALMER,0.5147877027755521,0.9995374653098983
RAJASTHAN,JALOR,0.5838413597641785,0.9998522021874077
RAJASTHAN,JALORE,0.0031457018927444798,0.022082018927444796
RAJASTHAN,JHALAWAR,0.5157398134982975,0.9997304582210242
RAJASTHAN,JHUNJHUNU,0.6116446066651877,0.9894736842105263
RAJASTHAN,JHUNJHUNUN,0.5541468813948038,0.9998995883120795
RAJASTHAN,JODHPUR,0.47677748279682824,0.8255796670630202
RAJASTHAN,KARAULI,0.4988760411136763,0.9997944501541624
RAJASTHAN,KHAIRTHAL-TIJARA,0.0012557077625570776,0.012557077625570776
RAJASTHAN,KOTA,0.4138389523301956,0.9998044583496285
RAJASTHAN,KOTPUTLI-BEHROR,0.0014457831325301205,0.014457831325301205
RAJASTHAN,NAGAUR,0.5550530744662824,0.9999158320006734
RAJASTHAN,PALI,0.5824834720610913,0.9013349836442401
RAJASTHAN,PHALODI,0.0013333333333333335,0.013333333333333334
RAJASTHAN,PRATAPGARH,0.43041882598910436,0.9996217851739788
RAJASTHAN,RAJSAMAND,0.45917899105626275,0.9996281145407214
RAJASTHAN,SALUMBAR,0.0008771929824561403,0.008771929824561403
RAJASTHAN,SAWAI MADHOPUR,0.5237327255973996,0.9997357992073976
RAJASTHAN,SIKAR,0.5492605575417426,0.9998988366211431
RAJASTHAN,SIROHI,0.5138007316036697,0.9997387669801463
RAJASTHAN,TONK,0.4716621069955031,0.9997566317838891
RAJASTHAN,UDAIPUR,0.510136290307143,0.9492357646313455
SIKKIM,EAST,0.49855070558005227,0.9982363315696648
SIKKIM,EAST SIKKIM,0.4826531463277159,0.996031746031746
SIKKIM,MANGAN,0.0,0.0
SIKKIM,NAMCHI,0.005713339566775752,0.021739130434782608
SIKKIM,NORTH,0.2921434701120719,0.9666666666666667
SIKKIM,NORTH SIKKIM,0.5758660217434013,0.9782608695652174
SIKKIM,SOUTH,0.4979649911355983,0.9975845410628019
SIKKIM,SOUTH SIKKIM,0.4900067675580944,0.9924242424242424
SIKKIM,WEST,0.5164986760612743,0.9978858350951374
SIKKIM,WEST SIKKIM,0.4820754358429138,0.995049504950495
TAMIL NADU,ARIYALUR,0.6423800708692327,0.9998736416477129
TAMIL NADU,CHENGALPATTU,0.42845990548132723,0.9970238095238095
TAMIL NADU,CHENNAI,0.5148594524009301,0.9999500998003992
TAMIL NADU,COIMBATORE,0.5817712794530515,0.9999584786580302
TAMIL NADU,CUDDALORE,0.5883439299159585,0.999916485719058
TAMIL NADU,DHARMAPURI,0.5882447617500653,0.9998204022988506
TAMIL NADU,DINDIGUL,0.669776806786817,0.9999471654250541
TAMIL NADU,ERODE,0.5962701055147337,0.9999079528718704
TAMIL NADU,KALLAKURICHI,0.4572335603411113,0.9973262032085561
TAMIL NADU,KANCHEEPURAM,0.4886390994293894,0.9999390726862852
TAMIL NADU,KANCHIPURAM,0.11333333333333333,0.8333333333333334
TAMIL NADU,KANNIYAKUMARI,0.597713867726787,0.9998561358077974
TAMIL NADU,KANYAKUMARI,0.4904107369610555,0.999288256227758
TAMIL NADU,KARUR,0.5657748642351402,0.9997982650796853
TAMIL NADU,KRISHNAGIRI,0.5389788317992592,0.9998380829015544
TAMIL NADU,MADURAI,0.5564234727367284,0.999946845266571
TAMIL NADU,MAYILADUTHURAI,0.47247184005346643,0.9917355371900827
TAMIL NADU,NAGAPATTINAM,0.6161297816264938,0.9998460591133005
TAMIL NADU,NAMAKKAL,0.6365976330945058,0.9999193938416895
TAMIL NADU,NAMAKKAL   *,0.0,0.0
TAMIL NADU,PERAMBALUR,0.6855022267304035,0.999829001367989
TAMIL NADU,PUDUKKOTTAI,0.6444053365365539,0.9999102333931777
TAMIL NADU,RAMANATHAPURAM,0.6265126754528338,0.9998846863468634
TAMIL NADU,RANIPET,0.3432684186912297,0.967741935483871
TAMIL NADU,SALEM,0.5985899077915624,0.9999495916927109
TAMIL NADU,SIVAGANGA,0.6395522249702739,0.9998751560549314
TAMIL NADU,TENKASI,0.4825626956398916,0.9972527472527473
TAMIL NADU,THANJAVUR,0.6023008018394755,0.999931926480599
TAMIL NADU,THE NILGIRIS,0.6213142412972272,0.9997216035634744
TAMIL NADU,THENI,0.5856251352380772,0.9998634625887494
TAMIL NADU,THIRUVALLUR,0.6726216191562635,0.9952153110047847
TAMIL NADU,THIRUVARUR,0.5851254670511168,0.9998162102554677
TAMIL NADU,THOOTHUKKUDI,0.6315498304843988,0.9998953974895397
TAMIL NADU,TIRUCHIRAPPALLI,0.6397253132030295,0.9999477452056226
TAMIL NADU,TIRUNELVELI,0.6404822828030051,0.9999420759962928
TAMIL NADU,TIRUPATHUR,0.0363305152979066,0.13333333333333333
TAMIL NADU,TIRUPATTUR,0.4763944574605329,0.9980314960629921
TAMIL NADU,TIRUPPUR,0.5095789920416182,0.9999030256012412
TAMIL NADU,TIRUVALLUR,0.4579285843732618,0.8398332667161537
TAMIL NADU,TIRUVANNAMALAI,0.5550382215811718,0.999885818680064
TAMIL NADU,TIRUVARUR,0.075,0.75
TAMIL NADU,TUTICORIN,0.13166666666666665,0.6666666666666666
TAMIL NADU,VELLORE,0.5732727317852772,0.9999252112781393
TAMIL NADU,VILLUPURAM,0.5909472878766093,0.9998118178396688
TAMIL NADU,VILUPPURAM,0.6746724920591295,0.9998629949308124
TAMIL NADU,VIRUDHUNAGAR,0.5506502565317241,0.9998501648186995
TAMILNADU,CHENNAI,0.0,0.0
TELANGANA,ADILABAD,0.4867476085368098,0.99961962723469
TELANGANA,BHADRADRI KOTHAGUDEM,0.48582384809881524,0.9993964996982498
TELANGANA,HANUMAKONDA,0.488453351393867,0.9990319457889641
TELANGANA,HYDERABAD,0.3145162622576576,0.4796913266484913
TELANGANA,JAGITIAL,0.4237069388554892,0.9985401459854014
TELANGANA,JANGAON,0.0660133967828573,0.3382899628252788
TELANGANA,JANGOAN,0.3896182329247172,0.996742671009772
TELANGANA,JAYASHANKAR BHUPALPALLY,0.44212880577116004,0.9971671388101983
TELANGANA,JOGULAMBA GADWAL,0.226139169240296,0.9981684981684982
TELANGANA,K.V. RANGAREDDY,0.4547612549462004,0.8609976100531956
TELANGANA,KAMAREDDY,0.3449556949951247,0.9982905982905983
TELANGANA,KARIMNAGAR,0.5649895601359314,0.9998646636892679
TELANGANA,KHAMMAM,0.45003059417932,0.99951992318771
TELANGANA,KOMARAM BHEEM,0.3817328509394865,0.9985632183908046
TELANGANA,MAHABUBABAD,0.3959957052895312,0.9980842911877394
TELANGANA,MAHABUBNAGAR,0.5508985784492555,0.9998906984369876
TELANGANA,MANCHERIAL,0.4516410524503439,0.998661311914324
TELANGANA,MEDAK,0.6177425894273194,0.9998813478879924
TELANGANA,MEDCHAL MALKAJGIRI,0.0,0.0
TELANGANA,MEDCHAL-MALKAJGIRI,0.317830111906119,0.9994428969359331
TELANGANA,MEDCHAL?MALKAJGIRI,0.10858747993579454,0.5858747993579454
TELANGANA,MEDCHALÂMALKAJGIRI,0.0,0.0
TELANGANA,MEDCHAL−MALKAJGIRI,0.1940115872294409,0.5291750503018109
TELANGANA,MULUGU,0.4632069617352929,0.9982078853046595
TELANGANA,NAGARKURNOOL,0.46708834057417625,0.9989451476793249
TELANGANA,NALGONDA,0.5389843230072804,0.9998564867967853
TELANGANA,NARAYANPET,0.4531356775192573,0.9986244841815681
TELANGANA,NIRMAL,0.3406760279225787,0.9990089197224975
TELANGANA,NIZAMABAD,0.5061554689934721,0.8896643896643897
TELANGANA,PEDDAPALLI,0.5068585354457678,0.9981060606060606
TELANGANA,RAJANNA SIRCILLA,0.486486613617316,0.9983633387888707
TELANGANA,RANGA REDDY,0.0,0.0
TELANGANA,RANGAREDDY,0.46761436564897824,0.996969696969697
TELANGANA,SANGAREDDY,0.2880993012414529,0.9985915492957746
TELANGANA,SIDDIPET,0.2829499851261886,0.9979035639412998
TELANGANA,SURYAPET,0.3678999865726025,0.9993084370677732
TELANGANA,VIKARABAD,0.21482244583425653,0.9978540772532188
TELANGANA,WANAPARTHY,0.45647488260386887,0.9988317757009346
TELANGANA,WARANGAL,0.6264743286192935,0.9998332777592531
TELANGANA,WARANGAL (URBAN),0.019627906976744186,0.11627906976744186
TELANGANA,WARANGAL RURAL,0.44731598861506316,0.9984350547730829
TELANGANA,WARANGAL URBAN,0.3348306146173896,0.9980732177263969
TELANGANA,YADADRI.,0.3684222540561407,0.9988584474885844
THE DADRA AND NAGAR HAVELI AND DAMAN AND DIU,DADRA AND NAGAR HAVELI,0.0,0.0
TRIPURA,DHALAI,0.5587202870111445,0.9995133819951338
TRIPURA,DHALAI  *,0.6149500831529782,0.989010989010989
TRIPURA,GOMATI,0.48190111172173006,0.9975
TRIPURA,KHOWAI,0.5276938302649676,0.9965870307167235
TRIPURA,NORTH TRIPURA,0.6380797330288647,0.9997011356843993
TRIPURA,SEPAHIJALA,0.48599423556928845,0.99880810488677
TRIPURA,SOUTH TRIPURA,0.6029193310915943,0.9997871887635668
TRIPURA,UNAKOTI,0.6020184539873016,0.9982174688057041
TRIPURA,WEST TRIPURA,0.5960895162007886,0.9998755909430207
UTTAR PRADESH,AGRA,0.44387475505933843,0.9998996286259159
UTTAR PRADESH,ALIGARH,0.35721551337043866,0.9998383446492078
UTTAR PRADESH,ALLAHABAD,0.5037072619344172,0.9999230117791977
UTTAR PRADESH,AMBEDKAR NAGAR,0.506126027349947,0.9998021369212505
UTTAR PRADESH,AMETHI,0.5083830792983975,0.9998172180588558
UTTAR PRADESH,AMROHA,0.3676483525808836,0.9996420901932713
UTTAR PRADESH,AURAIYA,0.4922668476496538,0.9996804090763822
UTTAR PRADESH,AURAIYA *,0.0,0.0
UTTAR PRADESH,AYODHYA,0.46394208660090996,0.9986225895316805
UTTAR PRADESH,AZAMGARH,0.5163054917204505,0.9999218566851605
UTTAR PRADESH,BAGHPAT,0.42946521492330547,0.9996774193548387
UTTAR PRADESH,BAGHPAT *,0.0,0.0
UTTAR PRADESH,BAGPAT,0.125,0.5
UTTAR PRADESH,BAHRAICH,0.49585479822027284,0.9998667909950713
UTTAR PRADESH,BALLIA,0.5156557084414242,0.9998916928408967
UTTAR PRADESH,BALRAMPUR,0.5117448750543596,0.9998065764023211
UTTAR PRADESH,BANDA,0.5137682730016715,0.999779638607316
UTTAR PRADESH,BARA BANKI,0.43326853958172623,0.9998359041680341
UTTAR PRADESH,BARABANKI,0.6109173096259362,0.9979381443298969
UTTAR PRADESH,BAREILLY,0.2531073190617955,0.48234474214031287
UTTAR PRADESH,BASTI,0.5112732604601089,0.9998331664998331
UTTAR PRADESH,BHADOHI,0.47460299876187156,0.9978586723768736
UTTAR PRADESH,BIJNOR,0.27334984327884937,0.542422044960116
UTTAR PRADESH,BUDAUN,0.3870736099633304,0.999802683504341
UTTAR PRADESH,BULANDSHAHAR,0.08512478719272992,0.29906542056074764
UTTAR PRADESH,BULANDSHAHR,0.2418879138586068,0.4654561558901683
UTTAR PRADESH,CHANDAULI,0.47907509614937205,0.9997834560415765
UTTAR PRADESH,CHANDAULI *,0.05,0.5
UTTAR PRADESH,CHITRAKOOT,0.5127393966405015,0.9996220710506425
UTTAR PRADESH,CHITRAKOOT *,0.0,0.0
UTTAR PRADESH,DEORIA,0.5193335377556886,0.99990730441231
UTTAR PRADESH,ETAH,0.48856932281514354,0.9997645396750647
UTTAR PRADESH,ETAWAH,0.3984735222117442,0.9997885388031297
UTTAR PRADESH,FAIZABAD,0.5056717975422038,0.9997798326728313
UTTAR PRADESH,FARRUKHABAD,0.4797390149765402,0.9996792815907634
UTTAR PRADESH,FATEHPUR,0.5018748481493185,0.9998550514567328
UTTAR PRADESH,FIROZABAD,0.322987883579124,0.9996985227615315
UTTAR PRADESH,GAUTAM BUDDHA NAGAR,0.2711518294020674,0.9997977346278317
UTTAR PRADESH,GAUTAM BUDDHA NAGAR *,0.06666666666666667,0.6666666666666666
UTTAR PRADESH,GHAZIABAD,0.2804453957232906,0.48396197751638526
UTTAR PRADESH,GHAZIPUR,0.5054710591157832,0.9998858577787924
UTTAR PRADESH,GONDA,0.5028894828141932,0.9998751872191712
UTTAR PRADESH,GORAKHPUR,0.5312219088731757,0.99994068450086
UTTAR PRADESH,HAMIRPUR,0.4947748085889109,0.9996876951905059
UTTAR PRADESH,HAPUR,0.4346286940646351,0.9996033320111067
UTTAR PRADESH,HARDOI,0.46302041867925636,0.9998738488709474
UTTAR PRADESH,HATHRAS,0.4807104929356908,0.9997348183505701
UTTAR PRADESH,JALAUN,0.5044769661874435,0.9997653133067355
UTTAR PRADESH,JAUNPUR,0.5183986450528422,0.9999142219934809
UTTAR PRADESH,JHANSI,0.5111026210351974,0.9998542698921598
UTTAR PRADESH,JYOTIBA PHULE NAGAR,0.08771050247182438,0.25263157894736843
UTTAR PRADESH,JYOTIBA PHULE NAGAR *,0.0,0.0
UTTAR PRADESH,KANNAUJ,0.49352612276990415,0.9996864220758859
UTTAR PRADESH,KANPUR DEHAT,0.4823118705470863,0.9997324772605671
UTTAR PRADESH,KANPUR NAGAR,0.41702272815376984,0.9999014389907352
UTTAR PRADESH,KASGANJ,0.5120655958578342,0.9997255009607466
UTTAR PRADESH,KAUSHAMBI,0.43455027334815116,0.9995479204339964
UTTAR PRADESH,KHERI,0.47900393714668893,0.9998488055639553
UTTAR PRADESH,KUSHI NAGAR,0.0,0.0
UTTAR PRADESH,KUSHINAGAR,0.4570651351985573,0.9998758380928731
UTTAR PRADESH,KUSHINAGAR *,0.15757396628959505,0.9285714285714286
UTTAR PRADESH,LALITPUR,0.5428877538600095,0.9998140918386317
UTTAR PRADESH,LUCKNOW,0.36207009391063927,0.7491743119266056
UTTAR PRADESH,MAHARAJGANJ,0.5034672379272929,0.9998591152437306
UTTAR PRADESH,MAHOBA,0.5072645793318874,0.999611046285492
UTTAR PRADESH,MAHOBA *,0.05,0.5
UTTAR PRADESH,MAHRAJGANJ,0.0873846153846154,0.4
UTTAR PRADESH,MAINPURI,0.49578114471350815,0.9997767857142857
UTTAR PRADESH,MATHURA,0.427780710540479,0.999771845767739
UTTAR PRADESH,MAU,0.5183952522805673,0.9998416468725257
UTTAR PRADESH,MEERUT,0.37788531235497597,0.9998636301650075
UTTAR PRADESH,MIRZAPUR,0.4393391531465845,0.9998079139454475
UTTAR PRADESH,MORADABAD,0.3125255833290309,0.9998568770573923
UTTAR PRADESH,MUZAFFARNAGAR,0.366033624478922,0.7526668320516001
UTTAR PRADESH,PILIBHIT,0.2939626405297862,0.9997198879551821
UTTAR PRADESH,PRATAPGARH,0.5193239094548403,0.9998706004140787
UTTAR PRADESH,PRAYAGRAJ,0.4337777733143552,0.9992576095025983
UTTAR PRADESH,RAE BARELI,0.5038007960058707,0.9998576512455516
UTTAR PRADESH,RAEBARELI,0.09333333333333334,0.4
UTTAR PRADESH,RAMPUR,0.28254023339709927,0.9997578692493947
UTTAR PRADESH,SAHARANPUR,0.32393862578470467,0.6159848858222441
UTTAR PRADESH,SAMBHAL,0.4726789325651091,0.9997127262280954
UTTAR PRADESH,SANT KABIR NAGAR,0.5192079589731096,0.9998160412067697
UTTAR PRADESH,SANT RAVIDAS NAGAR,0.5187763399683204,0.9996930632289748
UTTAR PRADESH,SANT RAVIDAS NAGAR BHADOHI,0.07696679783571078,0.25333333333333335
UTTAR PRADESH,SHAHJAHANPUR,0.3349770903497602,0.9997857295907435
UTTAR PRADESH,SHAMLI,0.37659049698583036,0.9997406639004149
UTTAR PRADESH,SHRAVASTI,0.0,0.0
UTTAR PRADESH,SHRAWASTI,0.4882278374936508,0.9996299037749815
UTTAR PRADESH,SIDDHARTH NAGAR,0.0,0.0
UTTAR PRADESH,SIDDHARTHNAGAR,0.5080598217763886,0.9998558454663399
UTTAR PRADESH,SITAPUR,0.491462473643238,0.999889697771895
UTTAR PRADESH,SONBHADRA,0.5074056048700301,0.9997640396413403
UTTAR PRADESH,SULTANPUR,0.5115275490771384,0.9998169503935567
UTTAR PRADESH,UNNAO,0.4717157699095931,0.9998446239900559
UTTAR PRADESH,VARANASI,0.514300866149251,0.9999249981249532
UTTARAKHAND,ALMORA,0.585184556082952,0.9994972347913524
UTTARAKHAND,BAGESHWAR,0.6562121484293334,0.999490575649516
UTTARAKHAND,CHAMOLI,0.6046818482333729,0.9995466908431551
UTTARAKHAND,CHAMPAWAT,0.5308223527105044,0.9991909385113269
UTTARAKHAND,DEHRADUN,0.4308767828513173,0.6800897643685326
UTTARAKHAND,GARHWAL,0.1723344051337885,0.475177304964539
UTTARAKHAND,HARDWAR,0.14198699619905908,0.42370572207084467
UTTARAKHAND,HARIDWAR,0.47688432136339476,0.999860743629021
UTTARAKHAND,NAINITAL,0.41897331461356097,0.9996804090763822
UTTARAKHAND,PAURI GARHWAL,0.5236099802193059,0.9995107632093934
UTTARAKHAND,PITHORAGARH,0.5748206768308208,0.9995722840034217
UTTARAKHAND,RUDRAPRAYAG,0.654342909861979,0.9994305239179955
UTTARAKHAND,TEHRI GARHWAL,0.5815937398908166,0.9997197309417041
UTTARAKHAND,UDHAM SINGH NAGAR,0.2921996585811216,0.4227401027719476
UTTARAKHAND,UTTARKASHI,0.5641413678165741,0.999330655957162
UTTARANCHAL,ALMORA,0.05,0.5
UTTARANCHAL,GARHWAL,0.05,0.5
UTTARANCHAL,TEHRI GARHWAL,0.0,0.0
UTTARANCHAL,UDHAM SINGH NAGAR *,0.0,0.0
WEST  BENGAL,HOOGHLY,0.07031241705154749,0.34615384615384615
WEST BANGAL,HOOGHLY,0.09149920837900377,0.3333333333333333
WEST BANGAL,HOWRAH,0.07886904761904762,0.3125
WEST BANGAL,SOUTH 24 PARGANAS,0.03333333333333333,0.3333333333333333
WEST BENGAL,24 PARAGANAS NORTH,0.0,0.0
WEST BENGAL,24 PARAGANAS SOUTH,0.0,0.0
WEST BENGAL,ALIPURDUAR,0.47658602995310256,0.9985714285714286
WEST BENGAL,BALLY JAGACHHA,0.2,0.6666666666666666
WEST BENGAL,BANKURA,0.4745907909645828,0.9998368146214099
WEST BENGAL,BARDDHAMAN,0.5284112823134575,0.9999387630128598
WEST BENGAL,BARDHAMAN,0.5926487367651546,0.9993243243243243
WEST BENGAL,BIRBHUM,0.3868951956565597,0.7451929924512177
WEST BENGAL,BURDWAN,0.125,0.75
WEST BENGAL,COOCH BEHAR,0.374868268677536,0.9996888612321095
WEST BENGAL,COOCHBEHAR,0.0,0.0
WEST BENGAL,DAKSHIN DINAJPUR,0.3332525360647235,0.9996147919876733
WEST BENGAL,DARJEELING,0.5051605393764993,0.9997560380580629
WEST BENGAL,DARJILING,0.5387124269885764,0.9965277777777778
WEST BENGAL,DINAJPUR DAKSHIN,0.0,0.0
WEST BENGAL,DINAJPUR UTTAR,0.0,0.0
WEST BENGAL,DOMJUR,0.125,0.5
WEST BENGAL,EAST MIDNAPORE,0.6159203899593397,0.9996250468691413
WEST BENGAL,EAST MIDNAPUR,0.1454906204906205,0.5555555555555556
WEST BENGAL,HAORA,0.5761644206842335,0.9997409997409997
WEST BENGAL,HAWRAH,0.09224736048265461,0.3333333333333333
WEST BENGAL,HOOGHIY,0.06999999999999999,0.25
WEST BENGAL,HOOGHLY,0.48905323684336766,0.9999090909090909
WEST BENGAL,HOWRAH,0.5005450299056783,0.9998936170212765
WEST BENGAL,HUGLI,0.08828195232500172,0.24757281553398058
WEST BENGAL,JALPAIGURI,0.46401331346509805,0.9998714818146768
WEST BENGAL,JHARGRAM,0.46606837337315754,0.9976744186046511
WEST BENGAL,KALIMPONG,0.42482052438456697,0.972972972972973
WEST BENGAL,KOCH BIHAR,0.5293612017202161,0.9993650793650793
WEST BENGAL,KOLKATA,0.5216168595107512,0.9998895881638512
WEST BENGAL,MALDA,0.2819230064421488,0.7111137638772831
WEST BENGAL,MALDAH,0.5833834814807101,0.9994008388256441
WEST BENGAL,MEDINIPUR,0.10563628899835795,0.4583333333333333
WEST BENGAL,MEDINIPUR WEST,0.0,0.0
WEST BENGAL,MURSHIDABAD,0.2915109087599589,0.5985833369325789
WEST BENGAL,NADIA,0.48598656813362134,0.9999157042906516
WEST BENGAL,NAIHATI ANANDABAZAR,0.0,0.0
WEST BENGAL,NORTH 24 PARGANAS,0.4816924592454727,0.9999472907442547
WEST BENGAL,NORTH DINAJPUR,0.34861417471820183,0.9931972789115646
WEST BENGAL,NORTH TWENTY FOUR PARGANAS,0.5984543245675968,0.9993425378040762
WEST BENGAL,PASCHIM BARDHAMAN,0.4812995142782717,0.9990503323836657
WEST BENGAL,PASCHIM MEDINIPUR,0.46814944812025294,0.999890362898805
WEST BENGAL,PURBA BARDHAMAN,0.42139711756861065,0.9990671641791045
WEST BENGAL,PURBA MEDINIPUR,0.5135299306643073,0.9998782269849001
WEST BENGAL,PURULIA,0.5740260566818076,0.9976525821596244
WEST BENGAL,PURULIYA,0.38705039159576626,0.8366171954964176
WEST BENGAL,SOUTH  TWENTY FOUR PARGANAS,0.0,0.0
WEST BENGAL,SOUTH 24 PARGANA,0.02,0.2
WEST BENGAL,SOUTH 24 PARGANAS,0.2810948269742128,0.6330829357425642
WEST BENGAL,SOUTH DINAJPUR,0.5448070905224907,0.9958333333333333
WEST BENGAL,SOUTH DUMDUM(M),0.11083333333333334,0.4
WEST BENGAL,SOUTH TWENTY FOUR PARGANAS,0.5663099275937368,0.9997253501785224
WEST BENGAL,UTTAR DINAJPUR,0.1939353274061,0.3796886290481508
WEST BENGAL,WEST MEDINIPUR,0.04583333333333333,0.3333333333333333
WEST BENGAL,WEST MIDNAPORE,0.5807437070092154,0.9995014955134596
WEST BENGLI,HOOGHLY,0.0,0.0
WESTBENGAL,HOOGHLY,0.053475274725274725,0.1875
WESTBENGAL,HOWRAH,0.1125,0.5
